data_coleta,media_id,marca,angulo,formato,publicado_em,dias,metrica,valor,coletado_em
2026-09-08,17901857445354820,metro-de-bh,contra-a-inflacao,reel,2026-09-08,0,comments,0,2026-09-08T21:28:58+00:00
2026-09-08,17901857445354820,metro-de-bh,contra-a-inflacao,reel,2026-09-08,0,ig_reels_avg_watch_time,15168,2026-09-08T21:28:58+00:00
2026-09-08,17901857445354820,metro-de-bh,contra-a-inflacao,reel,2026-09-08,0,likes,0,2026-09-08T21:28:58+00:00
2026-09-08,17901857445354820,metro-de-bh,contra-a-inflacao,reel,2026-09-08,0,reach,1,2026-09-08T21:28:58+00:00
2026-09-08,17901857445354820,metro-de-bh,contra-a-inflacao,reel,2026-09-08,0,saved,0,2026-09-08T21:28:58+00:00
2026-09-08,17901857445354820,metro-de-bh,contra-a-inflacao,reel,2026-09-08,0,shares,0,2026-09-08T21:28:58+00:00
2026-09-08,17901857445354820,metro-de-bh,contra-a-inflacao,reel,2026-09-08,0,total_interactions,0,2026-09-08T21:28:58+00:00
2026-09-08,17901857445354820,metro-de-bh,contra-a-inflacao,reel,2026-09-08,0,views,1,2026-09-08T21:28:58+00:00
2026-09-08,18093109655554507,metro-de-bh,padrao,reel,2026-09-08,0,comments,0,2026-09-08T21:28:58+00:00
2026-09-08,18093109655554507,metro-de-bh,padrao,reel,2026-09-08,0,ig_reels_avg_watch_time,16083,2026-09-08T21:28:58+00:00
2026-09-08,18093109655554507,metro-de-bh,padrao,reel,2026-09-08,0,likes,0,2026-09-08T21:28:58+00:00
2026-09-08,18093109655554507,metro-de-bh,padrao,reel,2026-09-08,0,reach,1,2026-09-08T21:28:58+00:00
2026-09-08,18093109655554507,metro-de-bh,padrao,reel,2026-09-08,0,saved,0,2026-09-08T21:28:58+00:00
2026-09-08,18093109655554507,metro-de-bh,padrao,reel,2026-09-08,0,shares,0,2026-09-08T21:28:58+00:00
2026-09-08,18093109655554507,metro-de-bh,padrao,reel,2026-09-08,0,total_interactions,0,2026-09-08T21:28:58+00:00
2026-09-08,18093109655554507,metro-de-bh,padrao,reel,2026-09-08,0,views,4,2026-09-08T21:28:58+00:00
2026-09-09,17895393021392219,metro-de-bh,os-tres-horizontes,reel,2026-09-09,0,comments,0,2026-09-09T21:13:54+00:00
2026-09-09,17895393021392219,metro-de-bh,os-tres-horizontes,reel,2026-09-09,0,ig_reels_avg_watch_time,13891,2026-09-09T21:13:54+00:00
2026-09-09,17895393021392219,metro-de-bh,os-tres-horizontes,reel,2026-09-09,0,likes,0,2026-09-09T21:13:54+00:00
2026-09-09,17895393021392219,metro-de-bh,os-tres-horizontes,reel,2026-09-09,0,reach,1,2026-09-09T21:13:54+00:00
2026-09-09,17895393021392219,metro-de-bh,os-tres-horizontes,reel,2026-09-09,0,saved,0,2026-09-09T21:13:54+00:00
2026-09-09,17895393021392219,metro-de-bh,os-tres-horizontes,reel,2026-09-09,0,shares,0,2026-09-09T21:13:54+00:00
2026-09-09,17895393021392219,metro-de-bh,os-tres-horizontes,reel,2026-09-09,0,total_interactions,0,2026-09-09T21:13:54+00:00
2026-09-09,17895393021392219,metro-de-bh,os-tres-horizontes,reel,2026-09-09,0,views,1,2026-09-09T21:13:54+00:00
2026-09-09,17901857445354820,metro-de-bh,contra-a-inflacao,reel,2026-09-08,1,comments,0,2026-09-09T21:13:54+00:00
2026-09-09,17901857445354820,metro-de-bh,contra-a-inflacao,reel,2026-09-08,1,ig_reels_avg_watch_time,15168,2026-09-09T21:13:54+00:00
2026-09-09,17901857445354820,metro-de-bh,contra-a-inflacao,reel,2026-09-08,1,likes,0,2026-09-09T21:13:54+00:00
2026-09-09,17901857445354820,metro-de-bh,contra-a-inflacao,reel,2026-09-08,1,reach,1,2026-09-09T21:13:54+00:00
2026-09-09,17901857445354820,metro-de-bh,contra-a-inflacao,reel,2026-09-08,1,saved,0,2026-09-09T21:13:54+00:00
2026-09-09,17901857445354820,metro-de-bh,contra-a-inflacao,reel,2026-09-08,1,shares,0,2026-09-09T21:13:54+00:00
2026-09-09,17901857445354820,metro-de-bh,contra-a-inflacao,reel,2026-09-08,1,total_interactions,0,2026-09-09T21:13:54+00:00
2026-09-09,17901857445354820,metro-de-bh,contra-a-inflacao,reel,2026-09-08,1,views,1,2026-09-09T21:13:54+00:00
2026-09-09,18093109655554507,metro-de-bh,padrao,reel,2026-09-08,1,comments,0,2026-09-09T21:13:54+00:00
2026-09-09,18093109655554507,metro-de-bh,padrao,reel,2026-09-08,1,ig_reels_avg_watch_time,16083,2026-09-09T21:13:54+00:00
2026-09-09,18093109655554507,metro-de-bh,padrao,reel,2026-09-08,1,likes,0,2026-09-09T21:13:54+00:00
2026-09-09,18093109655554507,metro-de-bh,padrao,reel,2026-09-08,1,reach,1,2026-09-09T21:13:54+00:00
2026-09-09,18093109655554507,metro-de-bh,padrao,reel,2026-09-08,1,saved,0,2026-09-09T21:13:54+00:00
2026-09-09,18093109655554507,metro-de-bh,padrao,reel,2026-09-08,1,shares,0,2026-09-09T21:13:54+00:00
2026-09-09,18093109655554507,metro-de-bh,padrao,reel,2026-09-08,1,total_interactions,0,2026-09-09T21:13:54+00:00
2026-09-09,18093109655554507,metro-de-bh,padrao,reel,2026-09-08,1,views,4,2026-09-09T21:13:54+00:00
2026-09-10,17895393021392219,metro-de-bh,os-tres-horizontes,reel,2026-09-09,1,comments,0,2026-09-10T23:17:23+00:00
2026-09-10,17895393021392219,metro-de-bh,os-tres-horizontes,reel,2026-09-09,1,ig_reels_avg_watch_time,2445,2026-09-10T23:17:23+00:00
2026-09-10,17895393021392219,metro-de-bh,os-tres-horizontes,reel,2026-09-09,1,likes,1,2026-09-10T23:17:23+00:00
2026-09-10,17895393021392219,metro-de-bh,os-tres-horizontes,reel,2026-09-09,1,reach,45,2026-09-10T23:17:23+00:00
2026-09-10,17895393021392219,metro-de-bh,os-tres-horizontes,reel,2026-09-09,1,saved,0,2026-09-10T23:17:23+00:00
2026-09-10,17895393021392219,metro-de-bh,os-tres-horizontes,reel,2026-09-09,1,shares,0,2026-09-10T23:17:23+00:00
2026-09-10,17895393021392219,metro-de-bh,os-tres-horizontes,reel,2026-09-09,1,total_interactions,1,2026-09-10T23:17:23+00:00
2026-09-10,17895393021392219,metro-de-bh,os-tres-horizontes,reel,2026-09-09,1,views,49,2026-09-10T23:17:23+00:00
2026-09-10,17901857445354820,metro-de-bh,contra-a-inflacao,reel,2026-09-08,2,comments,0,2026-09-10T23:17:23+00:00
2026-09-10,17901857445354820,metro-de-bh,contra-a-inflacao,reel,2026-09-08,2,ig_reels_avg_watch_time,8752,2026-09-10T23:17:23+00:00
2026-09-10,17901857445354820,metro-de-bh,contra-a-inflacao,reel,2026-09-08,2,likes,0,2026-09-10T23:17:23+00:00
2026-09-10,17901857445354820,metro-de-bh,contra-a-inflacao,reel,2026-09-08,2,reach,1,2026-09-10T23:17:23+00:00
2026-09-10,17901857445354820,metro-de-bh,contra-a-inflacao,reel,2026-09-08,2,saved,0,2026-09-10T23:17:23+00:00
2026-09-10,17901857445354820,metro-de-bh,contra-a-inflacao,reel,2026-09-08,2,shares,0,2026-09-10T23:17:23+00:00
2026-09-10,17901857445354820,metro-de-bh,contra-a-inflacao,reel,2026-09-08,2,total_interactions,0,2026-09-10T23:17:23+00:00
2026-09-10,17901857445354820,metro-de-bh,contra-a-inflacao,reel,2026-09-08,2,views,1,2026-09-10T23:17:23+00:00
2026-09-10,18093109655554507,metro-de-bh,padrao,reel,2026-09-08,2,comments,0,2026-09-10T23:17:23+00:00
2026-09-10,18093109655554507,metro-de-bh,padrao,reel,2026-09-08,2,ig_reels_avg_watch_time,16083,2026-09-10T23:17:23+00:00
2026-09-10,18093109655554507,metro-de-bh,padrao,reel,2026-09-08,2,likes,0,2026-09-10T23:17:23+00:00
2026-09-10,18093109655554507,metro-de-bh,padrao,reel,2026-09-08,2,reach,1,2026-09-10T23:17:23+00:00
2026-09-10,18093109655554507,metro-de-bh,padrao,reel,2026-09-08,2,saved,0,2026-09-10T23:17:23+00:00
2026-09-10,18093109655554507,metro-de-bh,padrao,reel,2026-09-08,2,shares,0,2026-09-10T23:17:23+00:00
2026-09-10,18093109655554507,metro-de-bh,padrao,reel,2026-09-08,2,total_interactions,0,2026-09-10T23:17:23+00:00
2026-09-10,18093109655554507,metro-de-bh,padrao,reel,2026-09-08,2,views,4,2026-09-10T23:17:23+00:00
2026-09-10,18111726197008625,metro-de-bh,o-topo-e-a-base,reel,2026-09-10,0,comments,0,2026-09-10T23:17:23+00:00
2026-09-10,18111726197008625,metro-de-bh,o-topo-e-a-base,reel,2026-09-10,0,ig_reels_avg_watch_time,0,2026-09-10T23:17:23+00:00
2026-09-10,18111726197008625,metro-de-bh,o-topo-e-a-base,reel,2026-09-10,0,likes,0,2026-09-10T23:17:23+00:00
2026-09-10,18111726197008625,metro-de-bh,o-topo-e-a-base,reel,2026-09-10,0,reach,0,2026-09-10T23:17:23+00:00
2026-09-10,18111726197008625,metro-de-bh,o-topo-e-a-base,reel,2026-09-10,0,saved,0,2026-09-10T23:17:23+00:00
2026-09-10,18111726197008625,metro-de-bh,o-topo-e-a-base,reel,2026-09-10,0,shares,0,2026-09-10T23:17:23+00:00
2026-09-10,18111726197008625,metro-de-bh,o-topo-e-a-base,reel,2026-09-10,0,total_interactions,0,2026-09-10T23:17:23+00:00
2026-09-10,18111726197008625,metro-de-bh,o-topo-e-a-base,reel,2026-09-10,0,views,0,2026-09-10T23:17:23+00:00
2026-09-11,17895393021392219,metro-de-bh,os-tres-horizontes,reel,2026-09-09,2,comments,0,2026-09-11T21:14:49+00:00
2026-09-11,17895393021392219,metro-de-bh,os-tres-horizontes,reel,2026-09-09,2,ig_reels_avg_watch_time,2439,2026-09-11T21:14:49+00:00
2026-09-11,17895393021392219,metro-de-bh,os-tres-horizontes,reel,2026-09-09,2,likes,1,2026-09-11T21:14:49+00:00
2026-09-11,17895393021392219,metro-de-bh,os-tres-horizontes,reel,2026-09-09,2,reach,45,2026-09-11T21:14:49+00:00
2026-09-11,17895393021392219,metro-de-bh,os-tres-horizontes,reel,2026-09-09,2,saved,0,2026-09-11T21:14:49+00:00
2026-09-11,17895393021392219,metro-de-bh,os-tres-horizontes,reel,2026-09-09,2,shares,0,2026-09-11T21:14:49+00:00
2026-09-11,17895393021392219,metro-de-bh,os-tres-horizontes,reel,2026-09-09,2,total_interactions,1,2026-09-11T21:14:49+00:00
2026-09-11,17895393021392219,metro-de-bh,os-tres-horizontes,reel,2026-09-09,2,views,49,2026-09-11T21:14:49+00:00
2026-09-11,17901857445354820,metro-de-bh,contra-a-inflacao,reel,2026-09-08,3,comments,0,2026-09-11T21:14:49+00:00
2026-09-11,17901857445354820,metro-de-bh,contra-a-inflacao,reel,2026-09-08,3,ig_reels_avg_watch_time,7724,2026-09-11T21:14:49+00:00
2026-09-11,17901857445354820,metro-de-bh,contra-a-inflacao,reel,2026-09-08,3,likes,0,2026-09-11T21:14:49+00:00
2026-09-11,17901857445354820,metro-de-bh,contra-a-inflacao,reel,2026-09-08,3,reach,1,2026-09-11T21:14:49+00:00
2026-09-11,17901857445354820,metro-de-bh,contra-a-inflacao,reel,2026-09-08,3,saved,0,2026-09-11T21:14:49+00:00
2026-09-11,17901857445354820,metro-de-bh,contra-a-inflacao,reel,2026-09-08,3,shares,0,2026-09-11T21:14:49+00:00
2026-09-11,17901857445354820,metro-de-bh,contra-a-inflacao,reel,2026-09-08,3,total_interactions,0,2026-09-11T21:14:49+00:00
2026-09-11,17901857445354820,metro-de-bh,contra-a-inflacao,reel,2026-09-08,3,views,1,2026-09-11T21:14:49+00:00
2026-09-11,18002295893795529,metro-de-bh,quem-esta-em-queda,reel,2026-09-11,0,comments,0,2026-09-11T21:14:49+00:00
2026-09-11,18002295893795529,metro-de-bh,quem-esta-em-queda,reel,2026-09-11,0,ig_reels_avg_watch_time,6211,2026-09-11T21:14:49+00:00
2026-09-11,18002295893795529,metro-de-bh,quem-esta-em-queda,reel,2026-09-11,0,likes,0,2026-09-11T21:14:49+00:00
2026-09-11,18002295893795529,metro-de-bh,quem-esta-em-queda,reel,2026-09-11,0,reach,0,2026-09-11T21:14:49+00:00
2026-09-11,18002295893795529,metro-de-bh,quem-esta-em-queda,reel,2026-09-11,0,saved,0,2026-09-11T21:14:49+00:00
2026-09-11,18002295893795529,metro-de-bh,quem-esta-em-queda,reel,2026-09-11,0,shares,0,2026-09-11T21:14:49+00:00
2026-09-11,18002295893795529,metro-de-bh,quem-esta-em-queda,reel,2026-09-11,0,total_interactions,0,2026-09-11T21:14:49+00:00
2026-09-11,18002295893795529,metro-de-bh,quem-esta-em-queda,reel,2026-09-11,0,views,0,2026-09-11T21:14:49+00:00
2026-09-11,18093109655554507,metro-de-bh,padrao,reel,2026-09-08,3,comments,0,2026-09-11T21:14:49+00:00
2026-09-11,18093109655554507,metro-de-bh,padrao,reel,2026-09-08,3,ig_reels_avg_watch_time,16083,2026-09-11T21:14:49+00:00
2026-09-11,18093109655554507,metro-de-bh,padrao,reel,2026-09-08,3,likes,0,2026-09-11T21:14:49+00:00
2026-09-11,18093109655554507,metro-de-bh,padrao,reel,2026-09-08,3,reach,1,2026-09-11T21:14:49+00:00
2026-09-11,18093109655554507,metro-de-bh,padrao,reel,2026-09-08,3,saved,0,2026-09-11T21:14:49+00:00
2026-09-11,18093109655554507,metro-de-bh,padrao,reel,2026-09-08,3,shares,0,2026-09-11T21:14:49+00:00
2026-09-11,18093109655554507,metro-de-bh,padrao,reel,2026-09-08,3,total_interactions,0,2026-09-11T21:14:49+00:00
2026-09-11,18093109655554507,metro-de-bh,padrao,reel,2026-09-08,3,views,4,2026-09-11T21:14:49+00:00
2026-09-11,18110686535327913,metro-de-bh,t1:mensal,reel,2026-09-11,0,comments,0,2026-09-11T21:14:49+00:00
2026-09-11,18110686535327913,metro-de-bh,t1:mensal,reel,2026-09-11,0,ig_reels_avg_watch_time,49312,2026-09-11T21:14:49+00:00
2026-09-11,18110686535327913,metro-de-bh,t1:mensal,reel,2026-09-11,0,likes,0,2026-09-11T21:14:49+00:00
2026-09-11,18110686535327913,metro-de-bh,t1:mensal,reel,2026-09-11,0,reach,0,2026-09-11T21:14:49+00:00
2026-09-11,18110686535327913,metro-de-bh,t1:mensal,reel,2026-09-11,0,saved,0,2026-09-11T21:14:49+00:00
2026-09-11,18110686535327913,metro-de-bh,t1:mensal,reel,2026-09-11,0,shares,0,2026-09-11T21:14:49+00:00
2026-09-11,18110686535327913,metro-de-bh,t1:mensal,reel,2026-09-11,0,total_interactions,0,2026-09-11T21:14:49+00:00
2026-09-11,18110686535327913,metro-de-bh,t1:mensal,reel,2026-09-11,0,views,0,2026-09-11T21:14:49+00:00
2026-09-11,18111726197008625,metro-de-bh,o-topo-e-a-base,reel,2026-09-10,0,comments,0,2026-09-11T21:14:49+00:00
2026-09-11,18111726197008625,metro-de-bh,o-topo-e-a-base,reel,2026-09-10,0,ig_reels_avg_watch_time,8236,2026-09-11T21:14:49+00:00
2026-09-11,18111726197008625,metro-de-bh,o-topo-e-a-base,reel,2026-09-10,0,likes,0,2026-09-11T21:14:49+00:00
2026-09-11,18111726197008625,metro-de-bh,o-topo-e-a-base,reel,2026-09-10,0,reach,0,2026-09-11T21:14:49+00:00
2026-09-11,18111726197008625,metro-de-bh,o-topo-e-a-base,reel,2026-09-10,0,saved,0,2026-09-11T21:14:49+00:00
2026-09-11,18111726197008625,metro-de-bh,o-topo-e-a-base,reel,2026-09-10,0,shares,0,2026-09-11T21:14:49+00:00
2026-09-11,18111726197008625,metro-de-bh,o-topo-e-a-base,reel,2026-09-10,0,total_interactions,0,2026-09-11T21:14:49+00:00
2026-09-11,18111726197008625,metro-de-bh,o-topo-e-a-base,reel,2026-09-10,0,views,0,2026-09-11T21:14:49+00:00
2026-09-12,17895393021392219,metro-de-bh,os-tres-horizontes,reel,2026-09-09,3,comments,0,2026-09-12T21:14:43+00:00
2026-09-12,17895393021392219,metro-de-bh,os-tres-horizontes,reel,2026-09-09,3,ig_reels_avg_watch_time,2439,2026-09-12T21:14:43+00:00
2026-09-12,17895393021392219,metro-de-bh,os-tres-horizontes,reel,2026-09-09,3,likes,1,2026-09-12T21:14:43+00:00
2026-09-12,17895393021392219,metro-de-bh,os-tres-horizontes,reel,2026-09-09,3,reach,45,2026-09-12T21:14:43+00:00
2026-09-12,17895393021392219,metro-de-bh,os-tres-horizontes,reel,2026-09-09,3,saved,0,2026-09-12T21:14:43+00:00
2026-09-12,17895393021392219,metro-de-bh,os-tres-horizontes,reel,2026-09-09,3,shares,0,2026-09-12T21:14:43+00:00
2026-09-12,17895393021392219,metro-de-bh,os-tres-horizontes,reel,2026-09-09,3,total_interactions,1,2026-09-12T21:14:43+00:00
2026-09-12,17895393021392219,metro-de-bh,os-tres-horizontes,reel,2026-09-09,3,views,49,2026-09-12T21:14:43+00:00
2026-09-12,17901857445354820,metro-de-bh,contra-a-inflacao,reel,2026-09-08,4,comments,0,2026-09-12T21:14:43+00:00
2026-09-12,17901857445354820,metro-de-bh,contra-a-inflacao,reel,2026-09-08,4,ig_reels_avg_watch_time,7724,2026-09-12T21:14:43+00:00
2026-09-12,17901857445354820,metro-de-bh,contra-a-inflacao,reel,2026-09-08,4,likes,0,2026-09-12T21:14:43+00:00
2026-09-12,17901857445354820,metro-de-bh,contra-a-inflacao,reel,2026-09-08,4,reach,1,2026-09-12T21:14:43+00:00
2026-09-12,17901857445354820,metro-de-bh,contra-a-inflacao,reel,2026-09-08,4,saved,0,2026-09-12T21:14:43+00:00
2026-09-12,17901857445354820,metro-de-bh,contra-a-inflacao,reel,2026-09-08,4,shares,0,2026-09-12T21:14:43+00:00
2026-09-12,17901857445354820,metro-de-bh,contra-a-inflacao,reel,2026-09-08,4,total_interactions,0,2026-09-12T21:14:43+00:00
2026-09-12,17901857445354820,metro-de-bh,contra-a-inflacao,reel,2026-09-08,4,views,1,2026-09-12T21:14:43+00:00
2026-09-12,17980367396902015,metro-de-bh,t1:ano,reel,2026-09-12,0,comments,0,2026-09-12T21:14:43+00:00
2026-09-12,17980367396902015,metro-de-bh,t1:ano,reel,2026-09-12,0,ig_reels_avg_watch_time,1770,2026-09-12T21:14:43+00:00
2026-09-12,17980367396902015,metro-de-bh,t1:ano,reel,2026-09-12,0,likes,0,2026-09-12T21:14:43+00:00
2026-09-12,17980367396902015,metro-de-bh,t1:ano,reel,2026-09-12,0,reach,5,2026-09-12T21:14:43+00:00
2026-09-12,17980367396902015,metro-de-bh,t1:ano,reel,2026-09-12,0,saved,0,2026-09-12T21:14:43+00:00
2026-09-12,17980367396902015,metro-de-bh,t1:ano,reel,2026-09-12,0,shares,0,2026-09-12T21:14:43+00:00
2026-09-12,17980367396902015,metro-de-bh,t1:ano,reel,2026-09-12,0,total_interactions,0,2026-09-12T21:14:43+00:00
2026-09-12,17980367396902015,metro-de-bh,t1:ano,reel,2026-09-12,0,views,5,2026-09-12T21:14:43+00:00
2026-09-12,18002295893795529,metro-de-bh,quem-esta-em-queda,reel,2026-09-11,1,comments,0,2026-09-12T21:14:43+00:00
2026-09-12,18002295893795529,metro-de-bh,quem-esta-em-queda,reel,2026-09-11,1,ig_reels_avg_watch_time,6211,2026-09-12T21:14:43+00:00
2026-09-12,18002295893795529,metro-de-bh,quem-esta-em-queda,reel,2026-09-11,1,likes,0,2026-09-12T21:14:43+00:00
2026-09-12,18002295893795529,metro-de-bh,quem-esta-em-queda,reel,2026-09-11,1,reach,0,2026-09-12T21:14:43+00:00
2026-09-12,18002295893795529,metro-de-bh,quem-esta-em-queda,reel,2026-09-11,1,saved,0,2026-09-12T21:14:43+00:00
2026-09-12,18002295893795529,metro-de-bh,quem-esta-em-queda,reel,2026-09-11,1,shares,0,2026-09-12T21:14:43+00:00
2026-09-12,18002295893795529,metro-de-bh,quem-esta-em-queda,reel,2026-09-11,1,total_interactions,0,2026-09-12T21:14:43+00:00
2026-09-12,18002295893795529,metro-de-bh,quem-esta-em-queda,reel,2026-09-11,1,views,0,2026-09-12T21:14:43+00:00
2026-09-12,18093109655554507,metro-de-bh,padrao,reel,2026-09-08,4,comments,0,2026-09-12T21:14:43+00:00
2026-09-12,18093109655554507,metro-de-bh,padrao,reel,2026-09-08,4,ig_reels_avg_watch_time,16083,2026-09-12T21:14:43+00:00
2026-09-12,18093109655554507,metro-de-bh,padrao,reel,2026-09-08,4,likes,0,2026-09-12T21:14:43+00:00
2026-09-12,18093109655554507,metro-de-bh,padrao,reel,2026-09-08,4,reach,1,2026-09-12T21:14:43+00:00
2026-09-12,18093109655554507,metro-de-bh,padrao,reel,2026-09-08,4,saved,0,2026-09-12T21:14:43+00:00
2026-09-12,18093109655554507,metro-de-bh,padrao,reel,2026-09-08,4,shares,0,2026-09-12T21:14:43+00:00
2026-09-12,18093109655554507,metro-de-bh,padrao,reel,2026-09-08,4,total_interactions,0,2026-09-12T21:14:43+00:00
2026-09-12,18093109655554507,metro-de-bh,padrao,reel,2026-09-08,4,views,4,2026-09-12T21:14:43+00:00
2026-09-12,18110686535327913,metro-de-bh,t1:mensal,reel,2026-09-11,1,comments,0,2026-09-12T21:14:43+00:00
2026-09-12,18110686535327913,metro-de-bh,t1:mensal,reel,2026-09-11,1,ig_reels_avg_watch_time,25192,2026-09-12T21:14:43+00:00
2026-09-12,18110686535327913,metro-de-bh,t1:mensal,reel,2026-09-11,1,likes,0,2026-09-12T21:14:43+00:00
2026-09-12,18110686535327913,metro-de-bh,t1:mensal,reel,2026-09-11,1,reach,0,2026-09-12T21:14:43+00:00
2026-09-12,18110686535327913,metro-de-bh,t1:mensal,reel,2026-09-11,1,saved,0,2026-09-12T21:14:43+00:00
2026-09-12,18110686535327913,metro-de-bh,t1:mensal,reel,2026-09-11,1,shares,0,2026-09-12T21:14:43+00:00
2026-09-12,18110686535327913,metro-de-bh,t1:mensal,reel,2026-09-11,1,total_interactions,0,2026-09-12T21:14:43+00:00
2026-09-12,18110686535327913,metro-de-bh,t1:mensal,reel,2026-09-11,1,views,0,2026-09-12T21:14:43+00:00
2026-09-12,18111726197008625,metro-de-bh,o-topo-e-a-base,reel,2026-09-10,1,comments,0,2026-09-12T21:14:43+00:00
2026-09-12,18111726197008625,metro-de-bh,o-topo-e-a-base,reel,2026-09-10,1,ig_reels_avg_watch_time,8236,2026-09-12T21:14:43+00:00
2026-09-12,18111726197008625,metro-de-bh,o-topo-e-a-base,reel,2026-09-10,1,likes,0,2026-09-12T21:14:43+00:00
2026-09-12,18111726197008625,metro-de-bh,o-topo-e-a-base,reel,2026-09-10,1,reach,0,2026-09-12T21:14:43+00:00
2026-09-12,18111726197008625,metro-de-bh,o-topo-e-a-base,reel,2026-09-10,1,saved,0,2026-09-12T21:14:43+00:00
2026-09-12,18111726197008625,metro-de-bh,o-topo-e-a-base,reel,2026-09-10,1,shares,0,2026-09-12T21:14:43+00:00
2026-09-12,18111726197008625,metro-de-bh,o-topo-e-a-base,reel,2026-09-10,1,total_interactions,0,2026-09-12T21:14:43+00:00
2026-09-12,18111726197008625,metro-de-bh,o-topo-e-a-base,reel,2026-09-10,1,views,0,2026-09-12T21:14:43+00:00
2026-09-12,18142362877585635,metro-de-bh,t1:doze_meses,reel,2026-09-12,0,comments,0,2026-09-12T21:14:43+00:00
2026-09-12,18142362877585635,metro-de-bh,t1:doze_meses,reel,2026-09-12,0,ig_reels_avg_watch_time,4403,2026-09-12T21:14:43+00:00
2026-09-12,18142362877585635,metro-de-bh,t1:doze_meses,reel,2026-09-12,0,likes,0,2026-09-12T21:14:43+00:00
2026-09-12,18142362877585635,metro-de-bh,t1:doze_meses,reel,2026-09-12,0,reach,73,2026-09-12T21:14:43+00:00
2026-09-12,18142362877585635,metro-de-bh,t1:doze_meses,reel,2026-09-12,0,saved,0,2026-09-12T21:14:43+00:00
2026-09-12,18142362877585635,metro-de-bh,t1:doze_meses,reel,2026-09-12,0,shares,0,2026-09-12T21:14:43+00:00
2026-09-12,18142362877585635,metro-de-bh,t1:doze_meses,reel,2026-09-12,0,total_interactions,0,2026-09-12T21:14:43+00:00
2026-09-12,18142362877585635,metro-de-bh,t1:doze_meses,reel,2026-09-12,0,views,80,2026-09-12T21:14:43+00:00
2026-09-13,17895393021392219,metro-de-bh,os-tres-horizontes,reel,2026-09-09,4,comments,0,2026-09-13T21:14:44+00:00
2026-09-13,17895393021392219,metro-de-bh,os-tres-horizontes,reel,2026-09-09,4,ig_reels_avg_watch_time,2439,2026-09-13T21:14:44+00:00
2026-09-13,17895393021392219,metro-de-bh,os-tres-horizontes,reel,2026-09-09,4,likes,1,2026-09-13T21:14:44+00:00
2026-09-13,17895393021392219,metro-de-bh,os-tres-horizontes,reel,2026-09-09,4,reach,45,2026-09-13T21:14:44+00:00
2026-09-13,17895393021392219,metro-de-bh,os-tres-horizontes,reel,2026-09-09,4,saved,0,2026-09-13T21:14:44+00:00
2026-09-13,17895393021392219,metro-de-bh,os-tres-horizontes,reel,2026-09-09,4,shares,0,2026-09-13T21:14:44+00:00
2026-09-13,17895393021392219,metro-de-bh,os-tres-horizontes,reel,2026-09-09,4,total_interactions,1,2026-09-13T21:14:44+00:00
2026-09-13,17895393021392219,metro-de-bh,os-tres-horizontes,reel,2026-09-09,4,views,49,2026-09-13T21:14:44+00:00
2026-09-13,17901857445354820,metro-de-bh,contra-a-inflacao,reel,2026-09-08,5,comments,0,2026-09-13T21:14:44+00:00
2026-09-13,17901857445354820,metro-de-bh,contra-a-inflacao,reel,2026-09-08,5,ig_reels_avg_watch_time,7724,2026-09-13T21:14:44+00:00
2026-09-13,17901857445354820,metro-de-bh,contra-a-inflacao,reel,2026-09-08,5,likes,0,2026-09-13T21:14:44+00:00
2026-09-13,17901857445354820,metro-de-bh,contra-a-inflacao,reel,2026-09-08,5,reach,1,2026-09-13T21:14:44+00:00
2026-09-13,17901857445354820,metro-de-bh,contra-a-inflacao,reel,2026-09-08,5,saved,0,2026-09-13T21:14:44+00:00
2026-09-13,17901857445354820,metro-de-bh,contra-a-inflacao,reel,2026-09-08,5,shares,0,2026-09-13T21:14:44+00:00
2026-09-13,17901857445354820,metro-de-bh,contra-a-inflacao,reel,2026-09-08,5,total_interactions,0,2026-09-13T21:14:44+00:00
2026-09-13,17901857445354820,metro-de-bh,contra-a-inflacao,reel,2026-09-08,5,views,1,2026-09-13T21:14:44+00:00
2026-09-13,17980367396902015,metro-de-bh,t1:ano,reel,2026-09-12,1,comments,0,2026-09-13T21:14:44+00:00
2026-09-13,17980367396902015,metro-de-bh,t1:ano,reel,2026-09-12,1,ig_reels_avg_watch_time,5418,2026-09-13T21:14:44+00:00
2026-09-13,17980367396902015,metro-de-bh,t1:ano,reel,2026-09-12,1,likes,0,2026-09-13T21:14:44+00:00
2026-09-13,17980367396902015,metro-de-bh,t1:ano,reel,2026-09-12,1,reach,6,2026-09-13T21:14:44+00:00
2026-09-13,17980367396902015,metro-de-bh,t1:ano,reel,2026-09-12,1,saved,0,2026-09-13T21:14:44+00:00
2026-09-13,17980367396902015,metro-de-bh,t1:ano,reel,2026-09-12,1,shares,0,2026-09-13T21:14:44+00:00
2026-09-13,17980367396902015,metro-de-bh,t1:ano,reel,2026-09-12,1,total_interactions,0,2026-09-13T21:14:44+00:00
2026-09-13,17980367396902015,metro-de-bh,t1:ano,reel,2026-09-12,1,views,6,2026-09-13T21:14:44+00:00
2026-09-13,18002295893795529,metro-de-bh,quem-esta-em-queda,reel,2026-09-11,2,comments,0,2026-09-13T21:14:44+00:00
2026-09-13,18002295893795529,metro-de-bh,quem-esta-em-queda,reel,2026-09-11,2,ig_reels_avg_watch_time,4406,2026-09-13T21:14:44+00:00
2026-09-13,18002295893795529,metro-de-bh,quem-esta-em-queda,reel,2026-09-11,2,likes,0,2026-09-13T21:14:44+00:00
2026-09-13,18002295893795529,metro-de-bh,quem-esta-em-queda,reel,2026-09-11,2,reach,0,2026-09-13T21:14:44+00:00
2026-09-13,18002295893795529,metro-de-bh,quem-esta-em-queda,reel,2026-09-11,2,saved,0,2026-09-13T21:14:44+00:00
2026-09-13,18002295893795529,metro-de-bh,quem-esta-em-queda,reel,2026-09-11,2,shares,0,2026-09-13T21:14:44+00:00
2026-09-13,18002295893795529,metro-de-bh,quem-esta-em-queda,reel,2026-09-11,2,total_interactions,0,2026-09-13T21:14:44+00:00
2026-09-13,18002295893795529,metro-de-bh,quem-esta-em-queda,reel,2026-09-11,2,views,0,2026-09-13T21:14:44+00:00
2026-09-13,18093109655554507,metro-de-bh,padrao,reel,2026-09-08,5,comments,0,2026-09-13T21:14:44+00:00
2026-09-13,18093109655554507,metro-de-bh,padrao,reel,2026-09-08,5,ig_reels_avg_watch_time,16083,2026-09-13T21:14:44+00:00
2026-09-13,18093109655554507,metro-de-bh,padrao,reel,2026-09-08,5,likes,0,2026-09-13T21:14:44+00:00
2026-09-13,18093109655554507,metro-de-bh,padrao,reel,2026-09-08,5,reach,1,2026-09-13T21:14:44+00:00
2026-09-13,18093109655554507,metro-de-bh,padrao,reel,2026-09-08,5,saved,0,2026-09-13T21:14:44+00:00
2026-09-13,18093109655554507,metro-de-bh,padrao,reel,2026-09-08,5,shares,0,2026-09-13T21:14:44+00:00
2026-09-13,18093109655554507,metro-de-bh,padrao,reel,2026-09-08,5,total_interactions,0,2026-09-13T21:14:44+00:00
2026-09-13,18093109655554507,metro-de-bh,padrao,reel,2026-09-08,5,views,4,2026-09-13T21:14:44+00:00
2026-09-13,18110686535327913,metro-de-bh,t1:mensal,reel,2026-09-11,2,comments,0,2026-09-13T21:14:44+00:00
2026-09-13,18110686535327913,metro-de-bh,t1:mensal,reel,2026-09-11,2,ig_reels_avg_watch_time,19823,2026-09-13T21:14:44+00:00
2026-09-13,18110686535327913,metro-de-bh,t1:mensal,reel,2026-09-11,2,likes,0,2026-09-13T21:14:44+00:00
2026-09-13,18110686535327913,metro-de-bh,t1:mensal,reel,2026-09-11,2,reach,0,2026-09-13T21:14:44+00:00
2026-09-13,18110686535327913,metro-de-bh,t1:mensal,reel,2026-09-11,2,saved,0,2026-09-13T21:14:44+00:00
2026-09-13,18110686535327913,metro-de-bh,t1:mensal,reel,2026-09-11,2,shares,0,2026-09-13T21:14:44+00:00
2026-09-13,18110686535327913,metro-de-bh,t1:mensal,reel,2026-09-11,2,total_interactions,0,2026-09-13T21:14:44+00:00
2026-09-13,18110686535327913,metro-de-bh,t1:mensal,reel,2026-09-11,2,views,0,2026-09-13T21:14:44+00:00
2026-09-13,18111726197008625,metro-de-bh,o-topo-e-a-base,reel,2026-09-10,2,comments,0,2026-09-13T21:14:44+00:00
2026-09-13,18111726197008625,metro-de-bh,o-topo-e-a-base,reel,2026-09-10,2,ig_reels_avg_watch_time,8236,2026-09-13T21:14:44+00:00
2026-09-13,18111726197008625,metro-de-bh,o-topo-e-a-base,reel,2026-09-10,2,likes,0,2026-09-13T21:14:44+00:00
2026-09-13,18111726197008625,metro-de-bh,o-topo-e-a-base,reel,2026-09-10,2,reach,0,2026-09-13T21:14:44+00:00
2026-09-13,18111726197008625,metro-de-bh,o-topo-e-a-base,reel,2026-09-10,2,saved,0,2026-09-13T21:14:44+00:00
2026-09-13,18111726197008625,metro-de-bh,o-topo-e-a-base,reel,2026-09-10,2,shares,0,2026-09-13T21:14:44+00:00
2026-09-13,18111726197008625,metro-de-bh,o-topo-e-a-base,reel,2026-09-10,2,total_interactions,0,2026-09-13T21:14:44+00:00
2026-09-13,18111726197008625,metro-de-bh,o-topo-e-a-base,reel,2026-09-10,2,views,0,2026-09-13T21:14:44+00:00
2026-09-13,18142362877585635,metro-de-bh,t1:doze_meses,reel,2026-09-12,1,comments,0,2026-09-13T21:14:44+00:00
2026-09-13,18142362877585635,metro-de-bh,t1:doze_meses,reel,2026-09-12,1,ig_reels_avg_watch_time,4514,2026-09-13T21:14:44+00:00
2026-09-13,18142362877585635,metro-de-bh,t1:doze_meses,reel,2026-09-12,1,likes,0,2026-09-13T21:14:44+00:00
2026-09-13,18142362877585635,metro-de-bh,t1:doze_meses,reel,2026-09-12,1,reach,74,2026-09-13T21:14:44+00:00
2026-09-13,18142362877585635,metro-de-bh,t1:doze_meses,reel,2026-09-12,1,saved,0,2026-09-13T21:14:44+00:00
2026-09-13,18142362877585635,metro-de-bh,t1:doze_meses,reel,2026-09-12,1,shares,0,2026-09-13T21:14:44+00:00
2026-09-13,18142362877585635,metro-de-bh,t1:doze_meses,reel,2026-09-12,1,total_interactions,0,2026-09-13T21:14:44+00:00
2026-09-13,18142362877585635,metro-de-bh,t1:doze_meses,reel,2026-09-12,1,views,81,2026-09-13T21:14:44+00:00
2026-09-14,17895393021392219,metro-de-bh,os-tres-horizontes,reel,2026-09-09,5,comments,0,2026-09-14T21:15:03+00:00
2026-09-14,17895393021392219,metro-de-bh,os-tres-horizontes,reel,2026-09-09,5,ig_reels_avg_watch_time,2439,2026-09-14T21:15:03+00:00
2026-09-14,17895393021392219,metro-de-bh,os-tres-horizontes,reel,2026-09-09,5,likes,1,2026-09-14T21:15:03+00:00
2026-09-14,17895393021392219,metro-de-bh,os-tres-horizontes,reel,2026-09-09,5,reach,45,2026-09-14T21:15:03+00:00
2026-09-14,17895393021392219,metro-de-bh,os-tres-horizontes,reel,2026-09-09,5,saved,0,2026-09-14T21:15:03+00:00
2026-09-14,17895393021392219,metro-de-bh,os-tres-horizontes,reel,2026-09-09,5,shares,0,2026-09-14T21:15:03+00:00
2026-09-14,17895393021392219,metro-de-bh,os-tres-horizontes,reel,2026-09-09,5,total_interactions,1,2026-09-14T21:15:03+00:00
2026-09-14,17895393021392219,metro-de-bh,os-tres-horizontes,reel,2026-09-09,5,views,49,2026-09-14T21:15:03+00:00
2026-09-14,17901857445354820,metro-de-bh,contra-a-inflacao,reel,2026-09-08,6,comments,0,2026-09-14T21:15:03+00:00
2026-09-14,17901857445354820,metro-de-bh,contra-a-inflacao,reel,2026-09-08,6,ig_reels_avg_watch_time,7724,2026-09-14T21:15:03+00:00
2026-09-14,17901857445354820,metro-de-bh,contra-a-inflacao,reel,2026-09-08,6,likes,0,2026-09-14T21:15:03+00:00
2026-09-14,17901857445354820,metro-de-bh,contra-a-inflacao,reel,2026-09-08,6,reach,1,2026-09-14T21:15:03+00:00
2026-09-14,17901857445354820,metro-de-bh,contra-a-inflacao,reel,2026-09-08,6,saved,0,2026-09-14T21:15:03+00:00
2026-09-14,17901857445354820,metro-de-bh,contra-a-inflacao,reel,2026-09-08,6,shares,0,2026-09-14T21:15:03+00:00
2026-09-14,17901857445354820,metro-de-bh,contra-a-inflacao,reel,2026-09-08,6,total_interactions,0,2026-09-14T21:15:03+00:00
2026-09-14,17901857445354820,metro-de-bh,contra-a-inflacao,reel,2026-09-08,6,views,1,2026-09-14T21:15:03+00:00
2026-09-14,17980367396902015,metro-de-bh,t1:ano,reel,2026-09-12,2,comments,0,2026-09-14T21:15:03+00:00
2026-09-14,17980367396902015,metro-de-bh,t1:ano,reel,2026-09-12,2,ig_reels_avg_watch_time,5349,2026-09-14T21:15:03+00:00
2026-09-14,17980367396902015,metro-de-bh,t1:ano,reel,2026-09-12,2,likes,0,2026-09-14T21:15:03+00:00
2026-09-14,17980367396902015,metro-de-bh,t1:ano,reel,2026-09-12,2,reach,6,2026-09-14T21:15:03+00:00
2026-09-14,17980367396902015,metro-de-bh,t1:ano,reel,2026-09-12,2,saved,0,2026-09-14T21:15:03+00:00
2026-09-14,17980367396902015,metro-de-bh,t1:ano,reel,2026-09-12,2,shares,0,2026-09-14T21:15:03+00:00
2026-09-14,17980367396902015,metro-de-bh,t1:ano,reel,2026-09-12,2,total_interactions,0,2026-09-14T21:15:03+00:00
2026-09-14,17980367396902015,metro-de-bh,t1:ano,reel,2026-09-12,2,views,6,2026-09-14T21:15:03+00:00
2026-09-14,18002295893795529,metro-de-bh,quem-esta-em-queda,reel,2026-09-11,3,comments,0,2026-09-14T21:15:03+00:00
2026-09-14,18002295893795529,metro-de-bh,quem-esta-em-queda,reel,2026-09-11,3,ig_reels_avg_watch_time,4406,2026-09-14T21:15:03+00:00
2026-09-14,18002295893795529,metro-de-bh,quem-esta-em-queda,reel,2026-09-11,3,likes,0,2026-09-14T21:15:03+00:00
2026-09-14,18002295893795529,metro-de-bh,quem-esta-em-queda,reel,2026-09-11,3,reach,0,2026-09-14T21:15:03+00:00
2026-09-14,18002295893795529,metro-de-bh,quem-esta-em-queda,reel,2026-09-11,3,saved,0,2026-09-14T21:15:03+00:00
2026-09-14,18002295893795529,metro-de-bh,quem-esta-em-queda,reel,2026-09-11,3,shares,0,2026-09-14T21:15:03+00:00
2026-09-14,18002295893795529,metro-de-bh,quem-esta-em-queda,reel,2026-09-11,3,total_interactions,0,2026-09-14T21:15:03+00:00
2026-09-14,18002295893795529,metro-de-bh,quem-esta-em-queda,reel,2026-09-11,3,views,0,2026-09-14T21:15:03+00:00
2026-09-14,18093109655554507,metro-de-bh,padrao,reel,2026-09-08,6,comments,0,2026-09-14T21:15:03+00:00
2026-09-14,18093109655554507,metro-de-bh,padrao,reel,2026-09-08,6,ig_reels_avg_watch_time,16083,2026-09-14T21:15:03+00:00
2026-09-14,18093109655554507,metro-de-bh,padrao,reel,2026-09-08,6,likes,0,2026-09-14T21:15:03+00:00
2026-09-14,18093109655554507,metro-de-bh,padrao,reel,2026-09-08,6,reach,1,2026-09-14T21:15:03+00:00
2026-09-14,18093109655554507,metro-de-bh,padrao,reel,2026-09-08,6,saved,0,2026-09-14T21:15:03+00:00
2026-09-14,18093109655554507,metro-de-bh,padrao,reel,2026-09-08,6,shares,0,2026-09-14T21:15:03+00:00
2026-09-14,18093109655554507,metro-de-bh,padrao,reel,2026-09-08,6,total_interactions,0,2026-09-14T21:15:03+00:00
2026-09-14,18093109655554507,metro-de-bh,padrao,reel,2026-09-08,6,views,4,2026-09-14T21:15:03+00:00
2026-09-14,18110686535327913,metro-de-bh,t1:mensal,reel,2026-09-11,3,comments,0,2026-09-14T21:15:03+00:00
2026-09-14,18110686535327913,metro-de-bh,t1:mensal,reel,2026-09-11,3,ig_reels_avg_watch_time,19823,2026-09-14T21:15:03+00:00
2026-09-14,18110686535327913,metro-de-bh,t1:mensal,reel,2026-09-11,3,likes,0,2026-09-14T21:15:03+00:00
2026-09-14,18110686535327913,metro-de-bh,t1:mensal,reel,2026-09-11,3,reach,0,2026-09-14T21:15:03+00:00
2026-09-14,18110686535327913,metro-de-bh,t1:mensal,reel,2026-09-11,3,saved,0,2026-09-14T21:15:03+00:00
2026-09-14,18110686535327913,metro-de-bh,t1:mensal,reel,2026-09-11,3,shares,0,2026-09-14T21:15:03+00:00
2026-09-14,18110686535327913,metro-de-bh,t1:mensal,reel,2026-09-11,3,total_interactions,0,2026-09-14T21:15:03+00:00
2026-09-14,18110686535327913,metro-de-bh,t1:mensal,reel,2026-09-11,3,views,0,2026-09-14T21:15:03+00:00
2026-09-14,18111726197008625,metro-de-bh,o-topo-e-a-base,reel,2026-09-10,3,comments,0,2026-09-14T21:15:03+00:00
2026-09-14,18111726197008625,metro-de-bh,o-topo-e-a-base,reel,2026-09-10,3,ig_reels_avg_watch_time,8236,2026-09-14T21:15:03+00:00
2026-09-14,18111726197008625,metro-de-bh,o-topo-e-a-base,reel,2026-09-10,3,likes,0,2026-09-14T21:15:03+00:00
2026-09-14,18111726197008625,metro-de-bh,o-topo-e-a-base,reel,2026-09-10,3,reach,0,2026-09-14T21:15:03+00:00
2026-09-14,18111726197008625,metro-de-bh,o-topo-e-a-base,reel,2026-09-10,3,saved,0,2026-09-14T21:15:03+00:00
2026-09-14,18111726197008625,metro-de-bh,o-topo-e-a-base,reel,2026-09-10,3,shares,0,2026-09-14T21:15:03+00:00
2026-09-14,18111726197008625,metro-de-bh,o-topo-e-a-base,reel,2026-09-10,3,total_interactions,0,2026-09-14T21:15:03+00:00
2026-09-14,18111726197008625,metro-de-bh,o-topo-e-a-base,reel,2026-09-10,3,views,0,2026-09-14T21:15:03+00:00
2026-09-14,18142362877585635,metro-de-bh,t1:doze_meses,reel,2026-09-12,2,comments,0,2026-09-14T21:15:03+00:00
2026-09-14,18142362877585635,metro-de-bh,t1:doze_meses,reel,2026-09-12,2,ig_reels_avg_watch_time,4514,2026-09-14T21:15:03+00:00
2026-09-14,18142362877585635,metro-de-bh,t1:doze_meses,reel,2026-09-12,2,likes,0,2026-09-14T21:15:03+00:00
2026-09-14,18142362877585635,metro-de-bh,t1:doze_meses,reel,2026-09-12,2,reach,74,2026-09-14T21:15:03+00:00
2026-09-14,18142362877585635,metro-de-bh,t1:doze_meses,reel,2026-09-12,2,saved,0,2026-09-14T21:15:03+00:00
2026-09-14,18142362877585635,metro-de-bh,t1:doze_meses,reel,2026-09-12,2,shares,0,2026-09-14T21:15:03+00:00
2026-09-14,18142362877585635,metro-de-bh,t1:doze_meses,reel,2026-09-12,2,total_interactions,0,2026-09-14T21:15:03+00:00
2026-09-14,18142362877585635,metro-de-bh,t1:doze_meses,reel,2026-09-12,2,views,81,2026-09-14T21:15:03+00:00
2026-09-15,17895393021392219,metro-de-bh,os-tres-horizontes,reel,2026-09-09,6,comments,0,2026-09-15T21:15:18+00:00
2026-09-15,17895393021392219,metro-de-bh,os-tres-horizontes,reel,2026-09-09,6,ig_reels_avg_watch_time,2439,2026-09-15T21:15:18+00:00
2026-09-15,17895393021392219,metro-de-bh,os-tres-horizontes,reel,2026-09-09,6,likes,1,2026-09-15T21:15:18+00:00
2026-09-15,17895393021392219,metro-de-bh,os-tres-horizontes,reel,2026-09-09,6,reach,45,2026-09-15T21:15:18+00:00
2026-09-15,17895393021392219,metro-de-bh,os-tres-horizontes,reel,2026-09-09,6,saved,0,2026-09-15T21:15:18+00:00
2026-09-15,17895393021392219,metro-de-bh,os-tres-horizontes,reel,2026-09-09,6,shares,0,2026-09-15T21:15:18+00:00
2026-09-15,17895393021392219,metro-de-bh,os-tres-horizontes,reel,2026-09-09,6,total_interactions,1,2026-09-15T21:15:18+00:00
2026-09-15,17895393021392219,metro-de-bh,os-tres-horizontes,reel,2026-09-09,6,views,49,2026-09-15T21:15:18+00:00
2026-09-15,17901857445354820,metro-de-bh,contra-a-inflacao,reel,2026-09-08,7,comments,0,2026-09-15T21:15:18+00:00
2026-09-15,17901857445354820,metro-de-bh,contra-a-inflacao,reel,2026-09-08,7,ig_reels_avg_watch_time,7724,2026-09-15T21:15:18+00:00
2026-09-15,17901857445354820,metro-de-bh,contra-a-inflacao,reel,2026-09-08,7,likes,0,2026-09-15T21:15:18+00:00
2026-09-15,17901857445354820,metro-de-bh,contra-a-inflacao,reel,2026-09-08,7,reach,1,2026-09-15T21:15:18+00:00
2026-09-15,17901857445354820,metro-de-bh,contra-a-inflacao,reel,2026-09-08,7,saved,0,2026-09-15T21:15:18+00:00
2026-09-15,17901857445354820,metro-de-bh,contra-a-inflacao,reel,2026-09-08,7,shares,0,2026-09-15T21:15:18+00:00
2026-09-15,17901857445354820,metro-de-bh,contra-a-inflacao,reel,2026-09-08,7,total_interactions,0,2026-09-15T21:15:18+00:00
2026-09-15,17901857445354820,metro-de-bh,contra-a-inflacao,reel,2026-09-08,7,views,1,2026-09-15T21:15:18+00:00
2026-09-15,17980367396902015,metro-de-bh,t1:ano,reel,2026-09-12,3,comments,0,2026-09-15T21:15:18+00:00
2026-09-15,17980367396902015,metro-de-bh,t1:ano,reel,2026-09-12,3,ig_reels_avg_watch_time,5349,2026-09-15T21:15:18+00:00
2026-09-15,17980367396902015,metro-de-bh,t1:ano,reel,2026-09-12,3,likes,0,2026-09-15T21:15:18+00:00
2026-09-15,17980367396902015,metro-de-bh,t1:ano,reel,2026-09-12,3,reach,6,2026-09-15T21:15:18+00:00
2026-09-15,17980367396902015,metro-de-bh,t1:ano,reel,2026-09-12,3,saved,0,2026-09-15T21:15:18+00:00
2026-09-15,17980367396902015,metro-de-bh,t1:ano,reel,2026-09-12,3,shares,0,2026-09-15T21:15:18+00:00
2026-09-15,17980367396902015,metro-de-bh,t1:ano,reel,2026-09-12,3,total_interactions,0,2026-09-15T21:15:18+00:00
2026-09-15,17980367396902015,metro-de-bh,t1:ano,reel,2026-09-12,3,views,6,2026-09-15T21:15:18+00:00
2026-09-15,18002295893795529,metro-de-bh,quem-esta-em-queda,reel,2026-09-11,4,comments,0,2026-09-15T21:15:18+00:00
2026-09-15,18002295893795529,metro-de-bh,quem-esta-em-queda,reel,2026-09-11,4,ig_reels_avg_watch_time,4406,2026-09-15T21:15:18+00:00
2026-09-15,18002295893795529,metro-de-bh,quem-esta-em-queda,reel,2026-09-11,4,likes,0,2026-09-15T21:15:18+00:00
2026-09-15,18002295893795529,metro-de-bh,quem-esta-em-queda,reel,2026-09-11,4,reach,0,2026-09-15T21:15:18+00:00
2026-09-15,18002295893795529,metro-de-bh,quem-esta-em-queda,reel,2026-09-11,4,saved,0,2026-09-15T21:15:18+00:00
2026-09-15,18002295893795529,metro-de-bh,quem-esta-em-queda,reel,2026-09-11,4,shares,0,2026-09-15T21:15:18+00:00
2026-09-15,18002295893795529,metro-de-bh,quem-esta-em-queda,reel,2026-09-11,4,total_interactions,0,2026-09-15T21:15:18+00:00
2026-09-15,18002295893795529,metro-de-bh,quem-esta-em-queda,reel,2026-09-11,4,views,0,2026-09-15T21:15:18+00:00
2026-09-15,18093109655554507,metro-de-bh,padrao,reel,2026-09-08,7,comments,0,2026-09-15T21:15:18+00:00
2026-09-15,18093109655554507,metro-de-bh,padrao,reel,2026-09-08,7,ig_reels_avg_watch_time,16083,2026-09-15T21:15:18+00:00
2026-09-15,18093109655554507,metro-de-bh,padrao,reel,2026-09-08,7,likes,0,2026-09-15T21:15:18+00:00
2026-09-15,18093109655554507,metro-de-bh,padrao,reel,2026-09-08,7,reach,1,2026-09-15T21:15:18+00:00
2026-09-15,18093109655554507,metro-de-bh,padrao,reel,2026-09-08,7,saved,0,2026-09-15T21:15:18+00:00
2026-09-15,18093109655554507,metro-de-bh,padrao,reel,2026-09-08,7,shares,0,2026-09-15T21:15:18+00:00
2026-09-15,18093109655554507,metro-de-bh,padrao,reel,2026-09-08,7,total_interactions,0,2026-09-15T21:15:18+00:00
2026-09-15,18093109655554507,metro-de-bh,padrao,reel,2026-09-08,7,views,4,2026-09-15T21:15:18+00:00
2026-09-15,18095669867253904,metro-de-bh,quem-esta-subindo,reel,2026-09-15,0,comments,0,2026-09-15T21:15:18+00:00
2026-09-15,18095669867253904,metro-de-bh,quem-esta-subindo,reel,2026-09-15,0,ig_reels_avg_watch_time,0,2026-09-15T21:15:18+00:00
2026-09-15,18095669867253904,metro-de-bh,quem-esta-subindo,reel,2026-09-15,0,likes,0,2026-09-15T21:15:18+00:00
2026-09-15,18095669867253904,metro-de-bh,quem-esta-subindo,reel,2026-09-15,0,reach,0,2026-09-15T21:15:18+00:00
2026-09-15,18095669867253904,metro-de-bh,quem-esta-subindo,reel,2026-09-15,0,saved,0,2026-09-15T21:15:18+00:00
2026-09-15,18095669867253904,metro-de-bh,quem-esta-subindo,reel,2026-09-15,0,shares,0,2026-09-15T21:15:18+00:00
2026-09-15,18095669867253904,metro-de-bh,quem-esta-subindo,reel,2026-09-15,0,total_interactions,0,2026-09-15T21:15:18+00:00
2026-09-15,18095669867253904,metro-de-bh,quem-esta-subindo,reel,2026-09-15,0,views,0,2026-09-15T21:15:18+00:00
2026-09-15,18110686535327913,metro-de-bh,t1:mensal,reel,2026-09-11,4,comments,0,2026-09-15T21:15:18+00:00
2026-09-15,18110686535327913,metro-de-bh,t1:mensal,reel,2026-09-11,4,ig_reels_avg_watch_time,19823,2026-09-15T21:15:18+00:00
2026-09-15,18110686535327913,metro-de-bh,t1:mensal,reel,2026-09-11,4,likes,0,2026-09-15T21:15:18+00:00
2026-09-15,18110686535327913,metro-de-bh,t1:mensal,reel,2026-09-11,4,reach,0,2026-09-15T21:15:18+00:00
2026-09-15,18110686535327913,metro-de-bh,t1:mensal,reel,2026-09-11,4,saved,0,2026-09-15T21:15:18+00:00
2026-09-15,18110686535327913,metro-de-bh,t1:mensal,reel,2026-09-11,4,shares,0,2026-09-15T21:15:18+00:00
2026-09-15,18110686535327913,metro-de-bh,t1:mensal,reel,2026-09-11,4,total_interactions,0,2026-09-15T21:15:18+00:00
2026-09-15,18110686535327913,metro-de-bh,t1:mensal,reel,2026-09-11,4,views,0,2026-09-15T21:15:18+00:00
2026-09-15,18111726197008625,metro-de-bh,o-topo-e-a-base,reel,2026-09-10,4,comments,0,2026-09-15T21:15:18+00:00
2026-09-15,18111726197008625,metro-de-bh,o-topo-e-a-base,reel,2026-09-10,4,ig_reels_avg_watch_time,8236,2026-09-15T21:15:18+00:00
2026-09-15,18111726197008625,metro-de-bh,o-topo-e-a-base,reel,2026-09-10,4,likes,0,2026-09-15T21:15:18+00:00
2026-09-15,18111726197008625,metro-de-bh,o-topo-e-a-base,reel,2026-09-10,4,reach,0,2026-09-15T21:15:18+00:00
2026-09-15,18111726197008625,metro-de-bh,o-topo-e-a-base,reel,2026-09-10,4,saved,0,2026-09-15T21:15:18+00:00
2026-09-15,18111726197008625,metro-de-bh,o-topo-e-a-base,reel,2026-09-10,4,shares,0,2026-09-15T21:15:18+00:00
2026-09-15,18111726197008625,metro-de-bh,o-topo-e-a-base,reel,2026-09-10,4,total_interactions,0,2026-09-15T21:15:18+00:00
2026-09-15,18111726197008625,metro-de-bh,o-topo-e-a-base,reel,2026-09-10,4,views,0,2026-09-15T21:15:18+00:00
2026-09-15,18142362877585635,metro-de-bh,t1:doze_meses,reel,2026-09-12,3,comments,0,2026-09-15T21:15:18+00:00
2026-09-15,18142362877585635,metro-de-bh,t1:doze_meses,reel,2026-09-12,3,ig_reels_avg_watch_time,4514,2026-09-15T21:15:18+00:00
2026-09-15,18142362877585635,metro-de-bh,t1:doze_meses,reel,2026-09-12,3,likes,0,2026-09-15T21:15:18+00:00
2026-09-15,18142362877585635,metro-de-bh,t1:doze_meses,reel,2026-09-12,3,reach,74,2026-09-15T21:15:18+00:00
2026-09-15,18142362877585635,metro-de-bh,t1:doze_meses,reel,2026-09-12,3,saved,0,2026-09-15T21:15:18+00:00
2026-09-15,18142362877585635,metro-de-bh,t1:doze_meses,reel,2026-09-12,3,shares,0,2026-09-15T21:15:18+00:00
2026-09-15,18142362877585635,metro-de-bh,t1:doze_meses,reel,2026-09-12,3,total_interactions,0,2026-09-15T21:15:18+00:00
2026-09-15,18142362877585635,metro-de-bh,t1:doze_meses,reel,2026-09-12,3,views,81,2026-09-15T21:15:18+00:00
2026-09-16,17895393021392219,metro-de-bh,os-tres-horizontes,reel,2026-09-09,7,comments,0,2026-09-16T21:16:05+00:00
2026-09-16,17895393021392219,metro-de-bh,os-tres-horizontes,reel,2026-09-09,7,ig_reels_avg_watch_time,2439,2026-09-16T21:16:05+00:00
2026-09-16,17895393021392219,metro-de-bh,os-tres-horizontes,reel,2026-09-09,7,likes,1,2026-09-16T21:16:05+00:00
2026-09-16,17895393021392219,metro-de-bh,os-tres-horizontes,reel,2026-09-09,7,reach,45,2026-09-16T21:16:05+00:00
2026-09-16,17895393021392219,metro-de-bh,os-tres-horizontes,reel,2026-09-09,7,saved,0,2026-09-16T21:16:05+00:00
2026-09-16,17895393021392219,metro-de-bh,os-tres-horizontes,reel,2026-09-09,7,shares,0,2026-09-16T21:16:05+00:00
2026-09-16,17895393021392219,metro-de-bh,os-tres-horizontes,reel,2026-09-09,7,total_interactions,1,2026-09-16T21:16:05+00:00
2026-09-16,17895393021392219,metro-de-bh,os-tres-horizontes,reel,2026-09-09,7,views,49,2026-09-16T21:16:05+00:00
2026-09-16,17901857445354820,metro-de-bh,contra-a-inflacao,reel,2026-09-08,8,comments,0,2026-09-16T21:16:05+00:00
2026-09-16,17901857445354820,metro-de-bh,contra-a-inflacao,reel,2026-09-08,8,ig_reels_avg_watch_time,7724,2026-09-16T21:16:05+00:00
2026-09-16,17901857445354820,metro-de-bh,contra-a-inflacao,reel,2026-09-08,8,likes,0,2026-09-16T21:16:05+00:00
2026-09-16,17901857445354820,metro-de-bh,contra-a-inflacao,reel,2026-09-08,8,reach,1,2026-09-16T21:16:05+00:00
2026-09-16,17901857445354820,metro-de-bh,contra-a-inflacao,reel,2026-09-08,8,saved,0,2026-09-16T21:16:05+00:00
2026-09-16,17901857445354820,metro-de-bh,contra-a-inflacao,reel,2026-09-08,8,shares,0,2026-09-16T21:16:05+00:00
2026-09-16,17901857445354820,metro-de-bh,contra-a-inflacao,reel,2026-09-08,8,total_interactions,0,2026-09-16T21:16:05+00:00
2026-09-16,17901857445354820,metro-de-bh,contra-a-inflacao,reel,2026-09-08,8,views,1,2026-09-16T21:16:05+00:00
2026-09-16,17980367396902015,metro-de-bh,t1:ano,reel,2026-09-12,4,comments,0,2026-09-16T21:16:05+00:00
2026-09-16,17980367396902015,metro-de-bh,t1:ano,reel,2026-09-12,4,ig_reels_avg_watch_time,5349,2026-09-16T21:16:05+00:00
2026-09-16,17980367396902015,metro-de-bh,t1:ano,reel,2026-09-12,4,likes,0,2026-09-16T21:16:05+00:00
2026-09-16,17980367396902015,metro-de-bh,t1:ano,reel,2026-09-12,4,reach,6,2026-09-16T21:16:05+00:00
2026-09-16,17980367396902015,metro-de-bh,t1:ano,reel,2026-09-12,4,saved,0,2026-09-16T21:16:05+00:00
2026-09-16,17980367396902015,metro-de-bh,t1:ano,reel,2026-09-12,4,shares,0,2026-09-16T21:16:05+00:00
2026-09-16,17980367396902015,metro-de-bh,t1:ano,reel,2026-09-12,4,total_interactions,0,2026-09-16T21:16:05+00:00
2026-09-16,17980367396902015,metro-de-bh,t1:ano,reel,2026-09-12,4,views,6,2026-09-16T21:16:05+00:00
2026-09-16,18002295893795529,metro-de-bh,quem-esta-em-queda,reel,2026-09-11,5,comments,0,2026-09-16T21:16:05+00:00
2026-09-16,18002295893795529,metro-de-bh,quem-esta-em-queda,reel,2026-09-11,5,ig_reels_avg_watch_time,4406,2026-09-16T21:16:05+00:00
2026-09-16,18002295893795529,metro-de-bh,quem-esta-em-queda,reel,2026-09-11,5,likes,0,2026-09-16T21:16:05+00:00
2026-09-16,18002295893795529,metro-de-bh,quem-esta-em-queda,reel,2026-09-11,5,reach,0,2026-09-16T21:16:05+00:00
2026-09-16,18002295893795529,metro-de-bh,quem-esta-em-queda,reel,2026-09-11,5,saved,0,2026-09-16T21:16:05+00:00
2026-09-16,18002295893795529,metro-de-bh,quem-esta-em-queda,reel,2026-09-11,5,shares,0,2026-09-16T21:16:05+00:00
2026-09-16,18002295893795529,metro-de-bh,quem-esta-em-queda,reel,2026-09-11,5,total_interactions,0,2026-09-16T21:16:05+00:00
2026-09-16,18002295893795529,metro-de-bh,quem-esta-em-queda,reel,2026-09-11,5,views,0,2026-09-16T21:16:05+00:00
2026-09-16,18093109655554507,metro-de-bh,padrao,reel,2026-09-08,8,comments,0,2026-09-16T21:16:05+00:00
2026-09-16,18093109655554507,metro-de-bh,padrao,reel,2026-09-08,8,ig_reels_avg_watch_time,16083,2026-09-16T21:16:05+00:00
2026-09-16,18093109655554507,metro-de-bh,padrao,reel,2026-09-08,8,likes,0,2026-09-16T21:16:05+00:00
2026-09-16,18093109655554507,metro-de-bh,padrao,reel,2026-09-08,8,reach,1,2026-09-16T21:16:05+00:00
2026-09-16,18093109655554507,metro-de-bh,padrao,reel,2026-09-08,8,saved,0,2026-09-16T21:16:05+00:00
2026-09-16,18093109655554507,metro-de-bh,padrao,reel,2026-09-08,8,shares,0,2026-09-16T21:16:05+00:00
2026-09-16,18093109655554507,metro-de-bh,padrao,reel,2026-09-08,8,total_interactions,0,2026-09-16T21:16:05+00:00
2026-09-16,18093109655554507,metro-de-bh,padrao,reel,2026-09-08,8,views,4,2026-09-16T21:16:05+00:00
2026-09-16,18095669867253904,metro-de-bh,quem-esta-subindo,reel,2026-09-15,1,comments,0,2026-09-16T21:16:05+00:00
2026-09-16,18095669867253904,metro-de-bh,quem-esta-subindo,reel,2026-09-15,1,ig_reels_avg_watch_time,19032,2026-09-16T21:16:05+00:00
2026-09-16,18095669867253904,metro-de-bh,quem-esta-subindo,reel,2026-09-15,1,likes,0,2026-09-16T21:16:05+00:00
2026-09-16,18095669867253904,metro-de-bh,quem-esta-subindo,reel,2026-09-15,1,reach,1,2026-09-16T21:16:05+00:00
2026-09-16,18095669867253904,metro-de-bh,quem-esta-subindo,reel,2026-09-15,1,saved,0,2026-09-16T21:16:05+00:00
2026-09-16,18095669867253904,metro-de-bh,quem-esta-subindo,reel,2026-09-15,1,shares,0,2026-09-16T21:16:05+00:00
2026-09-16,18095669867253904,metro-de-bh,quem-esta-subindo,reel,2026-09-15,1,total_interactions,0,2026-09-16T21:16:05+00:00
2026-09-16,18095669867253904,metro-de-bh,quem-esta-subindo,reel,2026-09-15,1,views,3,2026-09-16T21:16:05+00:00
2026-09-16,18110686535327913,metro-de-bh,t1:mensal,reel,2026-09-11,5,comments,0,2026-09-16T21:16:05+00:00
2026-09-16,18110686535327913,metro-de-bh,t1:mensal,reel,2026-09-11,5,ig_reels_avg_watch_time,19823,2026-09-16T21:16:05+00:00
2026-09-16,18110686535327913,metro-de-bh,t1:mensal,reel,2026-09-11,5,likes,0,2026-09-16T21:16:05+00:00
2026-09-16,18110686535327913,metro-de-bh,t1:mensal,reel,2026-09-11,5,reach,0,2026-09-16T21:16:05+00:00
2026-09-16,18110686535327913,metro-de-bh,t1:mensal,reel,2026-09-11,5,saved,0,2026-09-16T21:16:05+00:00
2026-09-16,18110686535327913,metro-de-bh,t1:mensal,reel,2026-09-11,5,shares,0,2026-09-16T21:16:05+00:00
2026-09-16,18110686535327913,metro-de-bh,t1:mensal,reel,2026-09-11,5,total_interactions,0,2026-09-16T21:16:05+00:00
2026-09-16,18110686535327913,metro-de-bh,t1:mensal,reel,2026-09-11,5,views,0,2026-09-16T21:16:05+00:00
2026-09-16,18111726197008625,metro-de-bh,o-topo-e-a-base,reel,2026-09-10,5,comments,0,2026-09-16T21:16:05+00:00
2026-09-16,18111726197008625,metro-de-bh,o-topo-e-a-base,reel,2026-09-10,5,ig_reels_avg_watch_time,8236,2026-09-16T21:16:05+00:00
2026-09-16,18111726197008625,metro-de-bh,o-topo-e-a-base,reel,2026-09-10,5,likes,0,2026-09-16T21:16:05+00:00
2026-09-16,18111726197008625,metro-de-bh,o-topo-e-a-base,reel,2026-09-10,5,reach,0,2026-09-16T21:16:05+00:00
2026-09-16,18111726197008625,metro-de-bh,o-topo-e-a-base,reel,2026-09-10,5,saved,0,2026-09-16T21:16:05+00:00
2026-09-16,18111726197008625,metro-de-bh,o-topo-e-a-base,reel,2026-09-10,5,shares,0,2026-09-16T21:16:05+00:00
2026-09-16,18111726197008625,metro-de-bh,o-topo-e-a-base,reel,2026-09-10,5,total_interactions,0,2026-09-16T21:16:05+00:00
2026-09-16,18111726197008625,metro-de-bh,o-topo-e-a-base,reel,2026-09-10,5,views,0,2026-09-16T21:16:05+00:00
2026-09-16,18142362877585635,metro-de-bh,t1:doze_meses,reel,2026-09-12,4,comments,0,2026-09-16T21:16:05+00:00
2026-09-16,18142362877585635,metro-de-bh,t1:doze_meses,reel,2026-09-12,4,ig_reels_avg_watch_time,4514,2026-09-16T21:16:05+00:00
2026-09-16,18142362877585635,metro-de-bh,t1:doze_meses,reel,2026-09-12,4,likes,0,2026-09-16T21:16:05+00:00
2026-09-16,18142362877585635,metro-de-bh,t1:doze_meses,reel,2026-09-12,4,reach,74,2026-09-16T21:16:05+00:00
2026-09-16,18142362877585635,metro-de-bh,t1:doze_meses,reel,2026-09-12,4,saved,0,2026-09-16T21:16:05+00:00
2026-09-16,18142362877585635,metro-de-bh,t1:doze_meses,reel,2026-09-12,4,shares,0,2026-09-16T21:16:05+00:00
2026-09-16,18142362877585635,metro-de-bh,t1:doze_meses,reel,2026-09-12,4,total_interactions,0,2026-09-16T21:16:05+00:00
2026-09-16,18142362877585635,metro-de-bh,t1:doze_meses,reel,2026-09-12,4,views,81,2026-09-16T21:16:05+00:00
2026-09-17,17895393021392219,metro-de-bh,os-tres-horizontes,reel,2026-09-09,8,comments,0,2026-09-17T21:15:26+00:00
2026-09-17,17895393021392219,metro-de-bh,os-tres-horizontes,reel,2026-09-09,8,ig_reels_avg_watch_time,2439,2026-09-17T21:15:26+00:00
2026-09-17,17895393021392219,metro-de-bh,os-tres-horizontes,reel,2026-09-09,8,likes,1,2026-09-17T21:15:26+00:00
2026-09-17,17895393021392219,metro-de-bh,os-tres-horizontes,reel,2026-09-09,8,reach,45,2026-09-17T21:15:26+00:00
2026-09-17,17895393021392219,metro-de-bh,os-tres-horizontes,reel,2026-09-09,8,saved,0,2026-09-17T21:15:26+00:00
2026-09-17,17895393021392219,metro-de-bh,os-tres-horizontes,reel,2026-09-09,8,shares,0,2026-09-17T21:15:26+00:00
2026-09-17,17895393021392219,metro-de-bh,os-tres-horizontes,reel,2026-09-09,8,total_interactions,1,2026-09-17T21:15:26+00:00
2026-09-17,17895393021392219,metro-de-bh,os-tres-horizontes,reel,2026-09-09,8,views,49,2026-09-17T21:15:26+00:00
2026-09-17,17901857445354820,metro-de-bh,contra-a-inflacao,reel,2026-09-08,9,comments,0,2026-09-17T21:15:26+00:00
2026-09-17,17901857445354820,metro-de-bh,contra-a-inflacao,reel,2026-09-08,9,ig_reels_avg_watch_time,7724,2026-09-17T21:15:26+00:00
2026-09-17,17901857445354820,metro-de-bh,contra-a-inflacao,reel,2026-09-08,9,likes,0,2026-09-17T21:15:26+00:00
2026-09-17,17901857445354820,metro-de-bh,contra-a-inflacao,reel,2026-09-08,9,reach,1,2026-09-17T21:15:26+00:00
2026-09-17,17901857445354820,metro-de-bh,contra-a-inflacao,reel,2026-09-08,9,saved,0,2026-09-17T21:15:26+00:00
2026-09-17,17901857445354820,metro-de-bh,contra-a-inflacao,reel,2026-09-08,9,shares,0,2026-09-17T21:15:26+00:00
2026-09-17,17901857445354820,metro-de-bh,contra-a-inflacao,reel,2026-09-08,9,total_interactions,0,2026-09-17T21:15:26+00:00
2026-09-17,17901857445354820,metro-de-bh,contra-a-inflacao,reel,2026-09-08,9,views,1,2026-09-17T21:15:26+00:00
2026-09-17,17980367396902015,metro-de-bh,t1:ano,reel,2026-09-12,5,comments,0,2026-09-17T21:15:26+00:00
2026-09-17,17980367396902015,metro-de-bh,t1:ano,reel,2026-09-12,5,ig_reels_avg_watch_time,5349,2026-09-17T21:15:26+00:00
2026-09-17,17980367396902015,metro-de-bh,t1:ano,reel,2026-09-12,5,likes,0,2026-09-17T21:15:26+00:00
2026-09-17,17980367396902015,metro-de-bh,t1:ano,reel,2026-09-12,5,reach,6,2026-09-17T21:15:26+00:00
2026-09-17,17980367396902015,metro-de-bh,t1:ano,reel,2026-09-12,5,saved,0,2026-09-17T21:15:26+00:00
2026-09-17,17980367396902015,metro-de-bh,t1:ano,reel,2026-09-12,5,shares,0,2026-09-17T21:15:26+00:00
2026-09-17,17980367396902015,metro-de-bh,t1:ano,reel,2026-09-12,5,total_interactions,0,2026-09-17T21:15:26+00:00
2026-09-17,17980367396902015,metro-de-bh,t1:ano,reel,2026-09-12,5,views,6,2026-09-17T21:15:26+00:00
2026-09-17,18002295893795529,metro-de-bh,quem-esta-em-queda,reel,2026-09-11,6,comments,0,2026-09-17T21:15:26+00:00
2026-09-17,18002295893795529,metro-de-bh,quem-esta-em-queda,reel,2026-09-11,6,ig_reels_avg_watch_time,4406,2026-09-17T21:15:26+00:00
2026-09-17,18002295893795529,metro-de-bh,quem-esta-em-queda,reel,2026-09-11,6,likes,0,2026-09-17T21:15:26+00:00
2026-09-17,18002295893795529,metro-de-bh,quem-esta-em-queda,reel,2026-09-11,6,reach,0,2026-09-17T21:15:26+00:00
2026-09-17,18002295893795529,metro-de-bh,quem-esta-em-queda,reel,2026-09-11,6,saved,0,2026-09-17T21:15:26+00:00
2026-09-17,18002295893795529,metro-de-bh,quem-esta-em-queda,reel,2026-09-11,6,shares,0,2026-09-17T21:15:26+00:00
2026-09-17,18002295893795529,metro-de-bh,quem-esta-em-queda,reel,2026-09-11,6,total_interactions,0,2026-09-17T21:15:26+00:00
2026-09-17,18002295893795529,metro-de-bh,quem-esta-em-queda,reel,2026-09-11,6,views,0,2026-09-17T21:15:26+00:00
2026-09-17,18093109655554507,metro-de-bh,padrao,reel,2026-09-08,9,comments,0,2026-09-17T21:15:26+00:00
2026-09-17,18093109655554507,metro-de-bh,padrao,reel,2026-09-08,9,ig_reels_avg_watch_time,16083,2026-09-17T21:15:26+00:00
2026-09-17,18093109655554507,metro-de-bh,padrao,reel,2026-09-08,9,likes,0,2026-09-17T21:15:26+00:00
2026-09-17,18093109655554507,metro-de-bh,padrao,reel,2026-09-08,9,reach,1,2026-09-17T21:15:26+00:00
2026-09-17,18093109655554507,metro-de-bh,padrao,reel,2026-09-08,9,saved,0,2026-09-17T21:15:26+00:00
2026-09-17,18093109655554507,metro-de-bh,padrao,reel,2026-09-08,9,shares,0,2026-09-17T21:15:26+00:00
2026-09-17,18093109655554507,metro-de-bh,padrao,reel,2026-09-08,9,total_interactions,0,2026-09-17T21:15:26+00:00
2026-09-17,18093109655554507,metro-de-bh,padrao,reel,2026-09-08,9,views,4,2026-09-17T21:15:26+00:00
2026-09-17,18095669867253904,metro-de-bh,quem-esta-subindo,reel,2026-09-15,2,comments,0,2026-09-17T21:15:26+00:00
2026-09-17,18095669867253904,metro-de-bh,quem-esta-subindo,reel,2026-09-15,2,ig_reels_avg_watch_time,19032,2026-09-17T21:15:26+00:00
2026-09-17,18095669867253904,metro-de-bh,quem-esta-subindo,reel,2026-09-15,2,likes,0,2026-09-17T21:15:26+00:00
2026-09-17,18095669867253904,metro-de-bh,quem-esta-subindo,reel,2026-09-15,2,reach,1,2026-09-17T21:15:26+00:00
2026-09-17,18095669867253904,metro-de-bh,quem-esta-subindo,reel,2026-09-15,2,saved,0,2026-09-17T21:15:26+00:00
2026-09-17,18095669867253904,metro-de-bh,quem-esta-subindo,reel,2026-09-15,2,shares,0,2026-09-17T21:15:26+00:00
2026-09-17,18095669867253904,metro-de-bh,quem-esta-subindo,reel,2026-09-15,2,total_interactions,0,2026-09-17T21:15:26+00:00
2026-09-17,18095669867253904,metro-de-bh,quem-esta-subindo,reel,2026-09-15,2,views,3,2026-09-17T21:15:26+00:00
2026-09-17,18110686535327913,metro-de-bh,t1:mensal,reel,2026-09-11,6,comments,0,2026-09-17T21:15:26+00:00
2026-09-17,18110686535327913,metro-de-bh,t1:mensal,reel,2026-09-11,6,ig_reels_avg_watch_time,19823,2026-09-17T21:15:26+00:00
2026-09-17,18110686535327913,metro-de-bh,t1:mensal,reel,2026-09-11,6,likes,0,2026-09-17T21:15:26+00:00
2026-09-17,18110686535327913,metro-de-bh,t1:mensal,reel,2026-09-11,6,reach,0,2026-09-17T21:15:26+00:00
2026-09-17,18110686535327913,metro-de-bh,t1:mensal,reel,2026-09-11,6,saved,0,2026-09-17T21:15:26+00:00
2026-09-17,18110686535327913,metro-de-bh,t1:mensal,reel,2026-09-11,6,shares,0,2026-09-17T21:15:26+00:00
2026-09-17,18110686535327913,metro-de-bh,t1:mensal,reel,2026-09-11,6,total_interactions,0,2026-09-17T21:15:26+00:00
2026-09-17,18110686535327913,metro-de-bh,t1:mensal,reel,2026-09-11,6,views,0,2026-09-17T21:15:26+00:00
2026-09-17,18111726197008625,metro-de-bh,o-topo-e-a-base,reel,2026-09-10,6,comments,0,2026-09-17T21:15:26+00:00
2026-09-17,18111726197008625,metro-de-bh,o-topo-e-a-base,reel,2026-09-10,6,ig_reels_avg_watch_time,8236,2026-09-17T21:15:26+00:00
2026-09-17,18111726197008625,metro-de-bh,o-topo-e-a-base,reel,2026-09-10,6,likes,0,2026-09-17T21:15:26+00:00
2026-09-17,18111726197008625,metro-de-bh,o-topo-e-a-base,reel,2026-09-10,6,reach,0,2026-09-17T21:15:26+00:00
2026-09-17,18111726197008625,metro-de-bh,o-topo-e-a-base,reel,2026-09-10,6,saved,0,2026-09-17T21:15:26+00:00
2026-09-17,18111726197008625,metro-de-bh,o-topo-e-a-base,reel,2026-09-10,6,shares,0,2026-09-17T21:15:26+00:00
2026-09-17,18111726197008625,metro-de-bh,o-topo-e-a-base,reel,2026-09-10,6,total_interactions,0,2026-09-17T21:15:26+00:00
2026-09-17,18111726197008625,metro-de-bh,o-topo-e-a-base,reel,2026-09-10,6,views,0,2026-09-17T21:15:26+00:00
2026-09-17,18142362877585635,metro-de-bh,t1:doze_meses,reel,2026-09-12,5,comments,0,2026-09-17T21:15:26+00:00
2026-09-17,18142362877585635,metro-de-bh,t1:doze_meses,reel,2026-09-12,5,ig_reels_avg_watch_time,4514,2026-09-17T21:15:26+00:00
2026-09-17,18142362877585635,metro-de-bh,t1:doze_meses,reel,2026-09-12,5,likes,0,2026-09-17T21:15:26+00:00
2026-09-17,18142362877585635,metro-de-bh,t1:doze_meses,reel,2026-09-12,5,reach,74,2026-09-17T21:15:26+00:00
2026-09-17,18142362877585635,metro-de-bh,t1:doze_meses,reel,2026-09-12,5,saved,0,2026-09-17T21:15:26+00:00
2026-09-17,18142362877585635,metro-de-bh,t1:doze_meses,reel,2026-09-12,5,shares,0,2026-09-17T21:15:26+00:00
2026-09-17,18142362877585635,metro-de-bh,t1:doze_meses,reel,2026-09-12,5,total_interactions,0,2026-09-17T21:15:26+00:00
2026-09-17,18142362877585635,metro-de-bh,t1:doze_meses,reel,2026-09-12,5,views,81,2026-09-17T21:15:26+00:00
2026-09-18,17895393021392219,metro-de-bh,os-tres-horizontes,reel,2026-09-09,9,comments,0,2026-09-18T21:15:08+00:00
2026-09-18,17895393021392219,metro-de-bh,os-tres-horizontes,reel,2026-09-09,9,ig_reels_avg_watch_time,2439,2026-09-18T21:15:08+00:00
2026-09-18,17895393021392219,metro-de-bh,os-tres-horizontes,reel,2026-09-09,9,likes,1,2026-09-18T21:15:08+00:00
2026-09-18,17895393021392219,metro-de-bh,os-tres-horizontes,reel,2026-09-09,9,reach,45,2026-09-18T21:15:08+00:00
2026-09-18,17895393021392219,metro-de-bh,os-tres-horizontes,reel,2026-09-09,9,saved,0,2026-09-18T21:15:08+00:00
2026-09-18,17895393021392219,metro-de-bh,os-tres-horizontes,reel,2026-09-09,9,shares,0,2026-09-18T21:15:08+00:00
2026-09-18,17895393021392219,metro-de-bh,os-tres-horizontes,reel,2026-09-09,9,total_interactions,1,2026-09-18T21:15:08+00:00
2026-09-18,17895393021392219,metro-de-bh,os-tres-horizontes,reel,2026-09-09,9,views,49,2026-09-18T21:15:08+00:00
2026-09-18,17901857445354820,metro-de-bh,contra-a-inflacao,reel,2026-09-08,10,comments,0,2026-09-18T21:15:08+00:00
2026-09-18,17901857445354820,metro-de-bh,contra-a-inflacao,reel,2026-09-08,10,ig_reels_avg_watch_time,7724,2026-09-18T21:15:08+00:00
2026-09-18,17901857445354820,metro-de-bh,contra-a-inflacao,reel,2026-09-08,10,likes,0,2026-09-18T21:15:08+00:00
2026-09-18,17901857445354820,metro-de-bh,contra-a-inflacao,reel,2026-09-08,10,reach,1,2026-09-18T21:15:08+00:00
2026-09-18,17901857445354820,metro-de-bh,contra-a-inflacao,reel,2026-09-08,10,saved,0,2026-09-18T21:15:08+00:00
2026-09-18,17901857445354820,metro-de-bh,contra-a-inflacao,reel,2026-09-08,10,shares,0,2026-09-18T21:15:08+00:00
2026-09-18,17901857445354820,metro-de-bh,contra-a-inflacao,reel,2026-09-08,10,total_interactions,0,2026-09-18T21:15:08+00:00
2026-09-18,17901857445354820,metro-de-bh,contra-a-inflacao,reel,2026-09-08,10,views,1,2026-09-18T21:15:08+00:00
2026-09-18,17980367396902015,metro-de-bh,t1:ano,reel,2026-09-12,6,comments,0,2026-09-18T21:15:08+00:00
2026-09-18,17980367396902015,metro-de-bh,t1:ano,reel,2026-09-12,6,ig_reels_avg_watch_time,5349,2026-09-18T21:15:08+00:00
2026-09-18,17980367396902015,metro-de-bh,t1:ano,reel,2026-09-12,6,likes,0,2026-09-18T21:15:08+00:00
2026-09-18,17980367396902015,metro-de-bh,t1:ano,reel,2026-09-12,6,reach,6,2026-09-18T21:15:08+00:00
2026-09-18,17980367396902015,metro-de-bh,t1:ano,reel,2026-09-12,6,saved,0,2026-09-18T21:15:08+00:00
2026-09-18,17980367396902015,metro-de-bh,t1:ano,reel,2026-09-12,6,shares,0,2026-09-18T21:15:08+00:00
2026-09-18,17980367396902015,metro-de-bh,t1:ano,reel,2026-09-12,6,total_interactions,0,2026-09-18T21:15:08+00:00
2026-09-18,17980367396902015,metro-de-bh,t1:ano,reel,2026-09-12,6,views,6,2026-09-18T21:15:08+00:00
2026-09-18,18002295893795529,metro-de-bh,quem-esta-em-queda,reel,2026-09-11,7,comments,0,2026-09-18T21:15:08+00:00
2026-09-18,18002295893795529,metro-de-bh,quem-esta-em-queda,reel,2026-09-11,7,ig_reels_avg_watch_time,4406,2026-09-18T21:15:08+00:00
2026-09-18,18002295893795529,metro-de-bh,quem-esta-em-queda,reel,2026-09-11,7,likes,0,2026-09-18T21:15:08+00:00
2026-09-18,18002295893795529,metro-de-bh,quem-esta-em-queda,reel,2026-09-11,7,reach,0,2026-09-18T21:15:08+00:00
2026-09-18,18002295893795529,metro-de-bh,quem-esta-em-queda,reel,2026-09-11,7,saved,0,2026-09-18T21:15:08+00:00
2026-09-18,18002295893795529,metro-de-bh,quem-esta-em-queda,reel,2026-09-11,7,shares,0,2026-09-18T21:15:08+00:00
2026-09-18,18002295893795529,metro-de-bh,quem-esta-em-queda,reel,2026-09-11,7,total_interactions,0,2026-09-18T21:15:08+00:00
2026-09-18,18002295893795529,metro-de-bh,quem-esta-em-queda,reel,2026-09-11,7,views,0,2026-09-18T21:15:08+00:00
2026-09-18,18093109655554507,metro-de-bh,padrao,reel,2026-09-08,10,comments,0,2026-09-18T21:15:08+00:00
2026-09-18,18093109655554507,metro-de-bh,padrao,reel,2026-09-08,10,ig_reels_avg_watch_time,16083,2026-09-18T21:15:08+00:00
2026-09-18,18093109655554507,metro-de-bh,padrao,reel,2026-09-08,10,likes,0,2026-09-18T21:15:08+00:00
2026-09-18,18093109655554507,metro-de-bh,padrao,reel,2026-09-08,10,reach,1,2026-09-18T21:15:08+00:00
2026-09-18,18093109655554507,metro-de-bh,padrao,reel,2026-09-08,10,saved,0,2026-09-18T21:15:08+00:00
2026-09-18,18093109655554507,metro-de-bh,padrao,reel,2026-09-08,10,shares,0,2026-09-18T21:15:08+00:00
2026-09-18,18093109655554507,metro-de-bh,padrao,reel,2026-09-08,10,total_interactions,0,2026-09-18T21:15:08+00:00
2026-09-18,18093109655554507,metro-de-bh,padrao,reel,2026-09-08,10,views,4,2026-09-18T21:15:08+00:00
2026-09-18,18095669867253904,metro-de-bh,quem-esta-subindo,reel,2026-09-15,3,comments,0,2026-09-18T21:15:08+00:00
2026-09-18,18095669867253904,metro-de-bh,quem-esta-subindo,reel,2026-09-15,3,ig_reels_avg_watch_time,19032,2026-09-18T21:15:08+00:00
2026-09-18,18095669867253904,metro-de-bh,quem-esta-subindo,reel,2026-09-15,3,likes,0,2026-09-18T21:15:08+00:00
2026-09-18,18095669867253904,metro-de-bh,quem-esta-subindo,reel,2026-09-15,3,reach,1,2026-09-18T21:15:08+00:00
2026-09-18,18095669867253904,metro-de-bh,quem-esta-subindo,reel,2026-09-15,3,saved,0,2026-09-18T21:15:08+00:00
2026-09-18,18095669867253904,metro-de-bh,quem-esta-subindo,reel,2026-09-15,3,shares,0,2026-09-18T21:15:08+00:00
2026-09-18,18095669867253904,metro-de-bh,quem-esta-subindo,reel,2026-09-15,3,total_interactions,0,2026-09-18T21:15:08+00:00
2026-09-18,18095669867253904,metro-de-bh,quem-esta-subindo,reel,2026-09-15,3,views,3,2026-09-18T21:15:08+00:00
2026-09-18,18110686535327913,metro-de-bh,t1:mensal,reel,2026-09-11,7,comments,0,2026-09-18T21:15:08+00:00
2026-09-18,18110686535327913,metro-de-bh,t1:mensal,reel,2026-09-11,7,ig_reels_avg_watch_time,19823,2026-09-18T21:15:08+00:00
2026-09-18,18110686535327913,metro-de-bh,t1:mensal,reel,2026-09-11,7,likes,0,2026-09-18T21:15:08+00:00
2026-09-18,18110686535327913,metro-de-bh,t1:mensal,reel,2026-09-11,7,reach,0,2026-09-18T21:15:08+00:00
2026-09-18,18110686535327913,metro-de-bh,t1:mensal,reel,2026-09-11,7,saved,0,2026-09-18T21:15:08+00:00
2026-09-18,18110686535327913,metro-de-bh,t1:mensal,reel,2026-09-11,7,shares,0,2026-09-18T21:15:08+00:00
2026-09-18,18110686535327913,metro-de-bh,t1:mensal,reel,2026-09-11,7,total_interactions,0,2026-09-18T21:15:08+00:00
2026-09-18,18110686535327913,metro-de-bh,t1:mensal,reel,2026-09-11,7,views,0,2026-09-18T21:15:08+00:00
2026-09-18,18111726197008625,metro-de-bh,o-topo-e-a-base,reel,2026-09-10,7,comments,0,2026-09-18T21:15:08+00:00
2026-09-18,18111726197008625,metro-de-bh,o-topo-e-a-base,reel,2026-09-10,7,ig_reels_avg_watch_time,8236,2026-09-18T21:15:08+00:00
2026-09-18,18111726197008625,metro-de-bh,o-topo-e-a-base,reel,2026-09-10,7,likes,0,2026-09-18T21:15:08+00:00
2026-09-18,18111726197008625,metro-de-bh,o-topo-e-a-base,reel,2026-09-10,7,reach,0,2026-09-18T21:15:08+00:00
2026-09-18,18111726197008625,metro-de-bh,o-topo-e-a-base,reel,2026-09-10,7,saved,0,2026-09-18T21:15:08+00:00
2026-09-18,18111726197008625,metro-de-bh,o-topo-e-a-base,reel,2026-09-10,7,shares,0,2026-09-18T21:15:08+00:00
2026-09-18,18111726197008625,metro-de-bh,o-topo-e-a-base,reel,2026-09-10,7,total_interactions,0,2026-09-18T21:15:08+00:00
2026-09-18,18111726197008625,metro-de-bh,o-topo-e-a-base,reel,2026-09-10,7,views,0,2026-09-18T21:15:08+00:00
2026-09-18,18142362877585635,metro-de-bh,t1:doze_meses,reel,2026-09-12,6,comments,0,2026-09-18T21:15:08+00:00
2026-09-18,18142362877585635,metro-de-bh,t1:doze_meses,reel,2026-09-12,6,ig_reels_avg_watch_time,4514,2026-09-18T21:15:08+00:00
2026-09-18,18142362877585635,metro-de-bh,t1:doze_meses,reel,2026-09-12,6,likes,0,2026-09-18T21:15:08+00:00
2026-09-18,18142362877585635,metro-de-bh,t1:doze_meses,reel,2026-09-12,6,reach,74,2026-09-18T21:15:08+00:00
2026-09-18,18142362877585635,metro-de-bh,t1:doze_meses,reel,2026-09-12,6,saved,0,2026-09-18T21:15:08+00:00
2026-09-18,18142362877585635,metro-de-bh,t1:doze_meses,reel,2026-09-12,6,shares,0,2026-09-18T21:15:08+00:00
2026-09-18,18142362877585635,metro-de-bh,t1:doze_meses,reel,2026-09-12,6,total_interactions,0,2026-09-18T21:15:08+00:00
2026-09-18,18142362877585635,metro-de-bh,t1:doze_meses,reel,2026-09-12,6,views,81,2026-09-18T21:15:08+00:00
2026-09-19,17895393021392219,metro-de-bh,os-tres-horizontes,reel,2026-09-09,10,comments,0,2026-09-19T21:14:12+00:00
2026-09-19,17895393021392219,metro-de-bh,os-tres-horizontes,reel,2026-09-09,10,ig_reels_avg_watch_time,2439,2026-09-19T21:14:12+00:00
2026-09-19,17895393021392219,metro-de-bh,os-tres-horizontes,reel,2026-09-09,10,likes,1,2026-09-19T21:14:12+00:00
2026-09-19,17895393021392219,metro-de-bh,os-tres-horizontes,reel,2026-09-09,10,reach,45,2026-09-19T21:14:12+00:00
2026-09-19,17895393021392219,metro-de-bh,os-tres-horizontes,reel,2026-09-09,10,saved,0,2026-09-19T21:14:12+00:00
2026-09-19,17895393021392219,metro-de-bh,os-tres-horizontes,reel,2026-09-09,10,shares,0,2026-09-19T21:14:12+00:00
2026-09-19,17895393021392219,metro-de-bh,os-tres-horizontes,reel,2026-09-09,10,total_interactions,1,2026-09-19T21:14:12+00:00
2026-09-19,17895393021392219,metro-de-bh,os-tres-horizontes,reel,2026-09-09,10,views,49,2026-09-19T21:14:12+00:00
2026-09-19,17901857445354820,metro-de-bh,contra-a-inflacao,reel,2026-09-08,11,comments,0,2026-09-19T21:14:12+00:00
2026-09-19,17901857445354820,metro-de-bh,contra-a-inflacao,reel,2026-09-08,11,ig_reels_avg_watch_time,7724,2026-09-19T21:14:12+00:00
2026-09-19,17901857445354820,metro-de-bh,contra-a-inflacao,reel,2026-09-08,11,likes,0,2026-09-19T21:14:12+00:00
2026-09-19,17901857445354820,metro-de-bh,contra-a-inflacao,reel,2026-09-08,11,reach,1,2026-09-19T21:14:12+00:00
2026-09-19,17901857445354820,metro-de-bh,contra-a-inflacao,reel,2026-09-08,11,saved,0,2026-09-19T21:14:12+00:00
2026-09-19,17901857445354820,metro-de-bh,contra-a-inflacao,reel,2026-09-08,11,shares,0,2026-09-19T21:14:12+00:00
2026-09-19,17901857445354820,metro-de-bh,contra-a-inflacao,reel,2026-09-08,11,total_interactions,0,2026-09-19T21:14:12+00:00
2026-09-19,17901857445354820,metro-de-bh,contra-a-inflacao,reel,2026-09-08,11,views,1,2026-09-19T21:14:12+00:00
2026-09-19,17980367396902015,metro-de-bh,t1:ano,reel,2026-09-12,7,comments,0,2026-09-19T21:14:12+00:00
2026-09-19,17980367396902015,metro-de-bh,t1:ano,reel,2026-09-12,7,ig_reels_avg_watch_time,5349,2026-09-19T21:14:12+00:00
2026-09-19,17980367396902015,metro-de-bh,t1:ano,reel,2026-09-12,7,likes,0,2026-09-19T21:14:12+00:00
2026-09-19,17980367396902015,metro-de-bh,t1:ano,reel,2026-09-12,7,reach,6,2026-09-19T21:14:12+00:00
2026-09-19,17980367396902015,metro-de-bh,t1:ano,reel,2026-09-12,7,saved,0,2026-09-19T21:14:12+00:00
2026-09-19,17980367396902015,metro-de-bh,t1:ano,reel,2026-09-12,7,shares,0,2026-09-19T21:14:12+00:00
2026-09-19,17980367396902015,metro-de-bh,t1:ano,reel,2026-09-12,7,total_interactions,0,2026-09-19T21:14:12+00:00
2026-09-19,17980367396902015,metro-de-bh,t1:ano,reel,2026-09-12,7,views,6,2026-09-19T21:14:12+00:00
2026-09-19,18002295893795529,metro-de-bh,quem-esta-em-queda,reel,2026-09-11,8,comments,0,2026-09-19T21:14:12+00:00
2026-09-19,18002295893795529,metro-de-bh,quem-esta-em-queda,reel,2026-09-11,8,ig_reels_avg_watch_time,4406,2026-09-19T21:14:12+00:00
2026-09-19,18002295893795529,metro-de-bh,quem-esta-em-queda,reel,2026-09-11,8,likes,0,2026-09-19T21:14:12+00:00
2026-09-19,18002295893795529,metro-de-bh,quem-esta-em-queda,reel,2026-09-11,8,reach,0,2026-09-19T21:14:12+00:00
2026-09-19,18002295893795529,metro-de-bh,quem-esta-em-queda,reel,2026-09-11,8,saved,0,2026-09-19T21:14:12+00:00
2026-09-19,18002295893795529,metro-de-bh,quem-esta-em-queda,reel,2026-09-11,8,shares,0,2026-09-19T21:14:12+00:00
2026-09-19,18002295893795529,metro-de-bh,quem-esta-em-queda,reel,2026-09-11,8,total_interactions,0,2026-09-19T21:14:12+00:00
2026-09-19,18002295893795529,metro-de-bh,quem-esta-em-queda,reel,2026-09-11,8,views,0,2026-09-19T21:14:12+00:00
2026-09-19,18093109655554507,metro-de-bh,padrao,reel,2026-09-08,11,comments,0,2026-09-19T21:14:12+00:00
2026-09-19,18093109655554507,metro-de-bh,padrao,reel,2026-09-08,11,ig_reels_avg_watch_time,16083,2026-09-19T21:14:12+00:00
2026-09-19,18093109655554507,metro-de-bh,padrao,reel,2026-09-08,11,likes,0,2026-09-19T21:14:12+00:00
2026-09-19,18093109655554507,metro-de-bh,padrao,reel,2026-09-08,11,reach,1,2026-09-19T21:14:12+00:00
2026-09-19,18093109655554507,metro-de-bh,padrao,reel,2026-09-08,11,saved,0,2026-09-19T21:14:12+00:00
2026-09-19,18093109655554507,metro-de-bh,padrao,reel,2026-09-08,11,shares,0,2026-09-19T21:14:12+00:00
2026-09-19,18093109655554507,metro-de-bh,padrao,reel,2026-09-08,11,total_interactions,0,2026-09-19T21:14:12+00:00
2026-09-19,18093109655554507,metro-de-bh,padrao,reel,2026-09-08,11,views,4,2026-09-19T21:14:12+00:00
2026-09-19,18095669867253904,metro-de-bh,quem-esta-subindo,reel,2026-09-15,4,comments,0,2026-09-19T21:14:12+00:00
2026-09-19,18095669867253904,metro-de-bh,quem-esta-subindo,reel,2026-09-15,4,ig_reels_avg_watch_time,14602,2026-09-19T21:14:12+00:00
2026-09-19,18095669867253904,metro-de-bh,quem-esta-subindo,reel,2026-09-15,4,likes,0,2026-09-19T21:14:12+00:00
2026-09-19,18095669867253904,metro-de-bh,quem-esta-subindo,reel,2026-09-15,4,reach,1,2026-09-19T21:14:12+00:00
2026-09-19,18095669867253904,metro-de-bh,quem-esta-subindo,reel,2026-09-15,4,saved,0,2026-09-19T21:14:12+00:00
2026-09-19,18095669867253904,metro-de-bh,quem-esta-subindo,reel,2026-09-15,4,shares,0,2026-09-19T21:14:12+00:00
2026-09-19,18095669867253904,metro-de-bh,quem-esta-subindo,reel,2026-09-15,4,total_interactions,0,2026-09-19T21:14:12+00:00
2026-09-19,18095669867253904,metro-de-bh,quem-esta-subindo,reel,2026-09-15,4,views,3,2026-09-19T21:14:12+00:00
2026-09-19,18110686535327913,metro-de-bh,t1:mensal,reel,2026-09-11,8,comments,0,2026-09-19T21:14:12+00:00
2026-09-19,18110686535327913,metro-de-bh,t1:mensal,reel,2026-09-11,8,ig_reels_avg_watch_time,19823,2026-09-19T21:14:12+00:00
2026-09-19,18110686535327913,metro-de-bh,t1:mensal,reel,2026-09-11,8,likes,0,2026-09-19T21:14:12+00:00
2026-09-19,18110686535327913,metro-de-bh,t1:mensal,reel,2026-09-11,8,reach,0,2026-09-19T21:14:12+00:00
2026-09-19,18110686535327913,metro-de-bh,t1:mensal,reel,2026-09-11,8,saved,0,2026-09-19T21:14:12+00:00
2026-09-19,18110686535327913,metro-de-bh,t1:mensal,reel,2026-09-11,8,shares,0,2026-09-19T21:14:12+00:00
2026-09-19,18110686535327913,metro-de-bh,t1:mensal,reel,2026-09-11,8,total_interactions,0,2026-09-19T21:14:12+00:00
2026-09-19,18110686535327913,metro-de-bh,t1:mensal,reel,2026-09-11,8,views,0,2026-09-19T21:14:12+00:00
2026-09-19,18111726197008625,metro-de-bh,o-topo-e-a-base,reel,2026-09-10,8,comments,0,2026-09-19T21:14:12+00:00
2026-09-19,18111726197008625,metro-de-bh,o-topo-e-a-base,reel,2026-09-10,8,ig_reels_avg_watch_time,8236,2026-09-19T21:14:12+00:00
2026-09-19,18111726197008625,metro-de-bh,o-topo-e-a-base,reel,2026-09-10,8,likes,0,2026-09-19T21:14:12+00:00
2026-09-19,18111726197008625,metro-de-bh,o-topo-e-a-base,reel,2026-09-10,8,reach,0,2026-09-19T21:14:12+00:00
2026-09-19,18111726197008625,metro-de-bh,o-topo-e-a-base,reel,2026-09-10,8,saved,0,2026-09-19T21:14:12+00:00
2026-09-19,18111726197008625,metro-de-bh,o-topo-e-a-base,reel,2026-09-10,8,shares,0,2026-09-19T21:14:12+00:00
2026-09-19,18111726197008625,metro-de-bh,o-topo-e-a-base,reel,2026-09-10,8,total_interactions,0,2026-09-19T21:14:12+00:00
2026-09-19,18111726197008625,metro-de-bh,o-topo-e-a-base,reel,2026-09-10,8,views,0,2026-09-19T21:14:12+00:00
2026-09-19,18142362877585635,metro-de-bh,t1:doze_meses,reel,2026-09-12,7,comments,0,2026-09-19T21:14:12+00:00
2026-09-19,18142362877585635,metro-de-bh,t1:doze_meses,reel,2026-09-12,7,ig_reels_avg_watch_time,4514,2026-09-19T21:14:12+00:00
2026-09-19,18142362877585635,metro-de-bh,t1:doze_meses,reel,2026-09-12,7,likes,0,2026-09-19T21:14:12+00:00
2026-09-19,18142362877585635,metro-de-bh,t1:doze_meses,reel,2026-09-12,7,reach,74,2026-09-19T21:14:12+00:00
2026-09-19,18142362877585635,metro-de-bh,t1:doze_meses,reel,2026-09-12,7,saved,0,2026-09-19T21:14:12+00:00
2026-09-19,18142362877585635,metro-de-bh,t1:doze_meses,reel,2026-09-12,7,shares,0,2026-09-19T21:14:12+00:00
2026-09-19,18142362877585635,metro-de-bh,t1:doze_meses,reel,2026-09-12,7,total_interactions,0,2026-09-19T21:14:12+00:00
2026-09-19,18142362877585635,metro-de-bh,t1:doze_meses,reel,2026-09-12,7,views,81,2026-09-19T21:14:12+00:00
2026-09-20,17895393021392219,metro-de-bh,os-tres-horizontes,reel,2026-09-09,11,comments,0,2026-09-20T21:14:32+00:00
2026-09-20,17895393021392219,metro-de-bh,os-tres-horizontes,reel,2026-09-09,11,ig_reels_avg_watch_time,2439,2026-09-20T21:14:32+00:00
2026-09-20,17895393021392219,metro-de-bh,os-tres-horizontes,reel,2026-09-09,11,likes,1,2026-09-20T21:14:32+00:00
2026-09-20,17895393021392219,metro-de-bh,os-tres-horizontes,reel,2026-09-09,11,reach,45,2026-09-20T21:14:32+00:00
2026-09-20,17895393021392219,metro-de-bh,os-tres-horizontes,reel,2026-09-09,11,saved,0,2026-09-20T21:14:32+00:00
2026-09-20,17895393021392219,metro-de-bh,os-tres-horizontes,reel,2026-09-09,11,shares,0,2026-09-20T21:14:32+00:00
2026-09-20,17895393021392219,metro-de-bh,os-tres-horizontes,reel,2026-09-09,11,total_interactions,1,2026-09-20T21:14:32+00:00
2026-09-20,17895393021392219,metro-de-bh,os-tres-horizontes,reel,2026-09-09,11,views,49,2026-09-20T21:14:32+00:00
2026-09-20,17901857445354820,metro-de-bh,contra-a-inflacao,reel,2026-09-08,12,comments,0,2026-09-20T21:14:32+00:00
2026-09-20,17901857445354820,metro-de-bh,contra-a-inflacao,reel,2026-09-08,12,ig_reels_avg_watch_time,7724,2026-09-20T21:14:32+00:00
2026-09-20,17901857445354820,metro-de-bh,contra-a-inflacao,reel,2026-09-08,12,likes,0,2026-09-20T21:14:32+00:00
2026-09-20,17901857445354820,metro-de-bh,contra-a-inflacao,reel,2026-09-08,12,reach,1,2026-09-20T21:14:32+00:00
2026-09-20,17901857445354820,metro-de-bh,contra-a-inflacao,reel,2026-09-08,12,saved,0,2026-09-20T21:14:32+00:00
2026-09-20,17901857445354820,metro-de-bh,contra-a-inflacao,reel,2026-09-08,12,shares,0,2026-09-20T21:14:32+00:00
2026-09-20,17901857445354820,metro-de-bh,contra-a-inflacao,reel,2026-09-08,12,total_interactions,0,2026-09-20T21:14:32+00:00
2026-09-20,17901857445354820,metro-de-bh,contra-a-inflacao,reel,2026-09-08,12,views,1,2026-09-20T21:14:32+00:00
2026-09-20,17980367396902015,metro-de-bh,t1:ano,reel,2026-09-12,8,comments,0,2026-09-20T21:14:32+00:00
2026-09-20,17980367396902015,metro-de-bh,t1:ano,reel,2026-09-12,8,ig_reels_avg_watch_time,5349,2026-09-20T21:14:32+00:00
2026-09-20,17980367396902015,metro-de-bh,t1:ano,reel,2026-09-12,8,likes,0,2026-09-20T21:14:32+00:00
2026-09-20,17980367396902015,metro-de-bh,t1:ano,reel,2026-09-12,8,reach,6,2026-09-20T21:14:32+00:00
2026-09-20,17980367396902015,metro-de-bh,t1:ano,reel,2026-09-12,8,saved,0,2026-09-20T21:14:32+00:00
2026-09-20,17980367396902015,metro-de-bh,t1:ano,reel,2026-09-12,8,shares,0,2026-09-20T21:14:32+00:00
2026-09-20,17980367396902015,metro-de-bh,t1:ano,reel,2026-09-12,8,total_interactions,0,2026-09-20T21:14:32+00:00
2026-09-20,17980367396902015,metro-de-bh,t1:ano,reel,2026-09-12,8,views,6,2026-09-20T21:14:32+00:00
2026-09-20,18002295893795529,metro-de-bh,quem-esta-em-queda,reel,2026-09-11,9,comments,0,2026-09-20T21:14:32+00:00
2026-09-20,18002295893795529,metro-de-bh,quem-esta-em-queda,reel,2026-09-11,9,ig_reels_avg_watch_time,4406,2026-09-20T21:14:32+00:00
2026-09-20,18002295893795529,metro-de-bh,quem-esta-em-queda,reel,2026-09-11,9,likes,0,2026-09-20T21:14:32+00:00
2026-09-20,18002295893795529,metro-de-bh,quem-esta-em-queda,reel,2026-09-11,9,reach,0,2026-09-20T21:14:32+00:00
2026-09-20,18002295893795529,metro-de-bh,quem-esta-em-queda,reel,2026-09-11,9,saved,0,2026-09-20T21:14:32+00:00
2026-09-20,18002295893795529,metro-de-bh,quem-esta-em-queda,reel,2026-09-11,9,shares,0,2026-09-20T21:14:32+00:00
2026-09-20,18002295893795529,metro-de-bh,quem-esta-em-queda,reel,2026-09-11,9,total_interactions,0,2026-09-20T21:14:32+00:00
2026-09-20,18002295893795529,metro-de-bh,quem-esta-em-queda,reel,2026-09-11,9,views,0,2026-09-20T21:14:32+00:00
2026-09-20,18093109655554507,metro-de-bh,padrao,reel,2026-09-08,12,comments,0,2026-09-20T21:14:32+00:00
2026-09-20,18093109655554507,metro-de-bh,padrao,reel,2026-09-08,12,ig_reels_avg_watch_time,16083,2026-09-20T21:14:32+00:00
2026-09-20,18093109655554507,metro-de-bh,padrao,reel,2026-09-08,12,likes,0,2026-09-20T21:14:32+00:00
2026-09-20,18093109655554507,metro-de-bh,padrao,reel,2026-09-08,12,reach,1,2026-09-20T21:14:32+00:00
2026-09-20,18093109655554507,metro-de-bh,padrao,reel,2026-09-08,12,saved,0,2026-09-20T21:14:32+00:00
2026-09-20,18093109655554507,metro-de-bh,padrao,reel,2026-09-08,12,shares,0,2026-09-20T21:14:32+00:00
2026-09-20,18093109655554507,metro-de-bh,padrao,reel,2026-09-08,12,total_interactions,0,2026-09-20T21:14:32+00:00
2026-09-20,18093109655554507,metro-de-bh,padrao,reel,2026-09-08,12,views,4,2026-09-20T21:14:32+00:00
2026-09-20,18095669867253904,metro-de-bh,quem-esta-subindo,reel,2026-09-15,5,comments,0,2026-09-20T21:14:32+00:00
2026-09-20,18095669867253904,metro-de-bh,quem-esta-subindo,reel,2026-09-15,5,ig_reels_avg_watch_time,14602,2026-09-20T21:14:32+00:00
2026-09-20,18095669867253904,metro-de-bh,quem-esta-subindo,reel,2026-09-15,5,likes,0,2026-09-20T21:14:32+00:00
2026-09-20,18095669867253904,metro-de-bh,quem-esta-subindo,reel,2026-09-15,5,reach,1,2026-09-20T21:14:32+00:00
2026-09-20,18095669867253904,metro-de-bh,quem-esta-subindo,reel,2026-09-15,5,saved,0,2026-09-20T21:14:32+00:00
2026-09-20,18095669867253904,metro-de-bh,quem-esta-subindo,reel,2026-09-15,5,shares,0,2026-09-20T21:14:32+00:00
2026-09-20,18095669867253904,metro-de-bh,quem-esta-subindo,reel,2026-09-15,5,total_interactions,0,2026-09-20T21:14:32+00:00
2026-09-20,18095669867253904,metro-de-bh,quem-esta-subindo,reel,2026-09-15,5,views,3,2026-09-20T21:14:32+00:00
2026-09-20,18110686535327913,metro-de-bh,t1:mensal,reel,2026-09-11,9,comments,0,2026-09-20T21:14:32+00:00
2026-09-20,18110686535327913,metro-de-bh,t1:mensal,reel,2026-09-11,9,ig_reels_avg_watch_time,19823,2026-09-20T21:14:32+00:00
2026-09-20,18110686535327913,metro-de-bh,t1:mensal,reel,2026-09-11,9,likes,0,2026-09-20T21:14:32+00:00
2026-09-20,18110686535327913,metro-de-bh,t1:mensal,reel,2026-09-11,9,reach,0,2026-09-20T21:14:32+00:00
2026-09-20,18110686535327913,metro-de-bh,t1:mensal,reel,2026-09-11,9,saved,0,2026-09-20T21:14:32+00:00
2026-09-20,18110686535327913,metro-de-bh,t1:mensal,reel,2026-09-11,9,shares,0,2026-09-20T21:14:32+00:00
2026-09-20,18110686535327913,metro-de-bh,t1:mensal,reel,2026-09-11,9,total_interactions,0,2026-09-20T21:14:32+00:00
2026-09-20,18110686535327913,metro-de-bh,t1:mensal,reel,2026-09-11,9,views,0,2026-09-20T21:14:32+00:00
2026-09-20,18111726197008625,metro-de-bh,o-topo-e-a-base,reel,2026-09-10,9,comments,0,2026-09-20T21:14:32+00:00
2026-09-20,18111726197008625,metro-de-bh,o-topo-e-a-base,reel,2026-09-10,9,ig_reels_avg_watch_time,8236,2026-09-20T21:14:32+00:00
2026-09-20,18111726197008625,metro-de-bh,o-topo-e-a-base,reel,2026-09-10,9,likes,0,2026-09-20T21:14:32+00:00
2026-09-20,18111726197008625,metro-de-bh,o-topo-e-a-base,reel,2026-09-10,9,reach,0,2026-09-20T21:14:32+00:00
2026-09-20,18111726197008625,metro-de-bh,o-topo-e-a-base,reel,2026-09-10,9,saved,0,2026-09-20T21:14:32+00:00
2026-09-20,18111726197008625,metro-de-bh,o-topo-e-a-base,reel,2026-09-10,9,shares,0,2026-09-20T21:14:32+00:00
2026-09-20,18111726197008625,metro-de-bh,o-topo-e-a-base,reel,2026-09-10,9,total_interactions,0,2026-09-20T21:14:32+00:00
2026-09-20,18111726197008625,metro-de-bh,o-topo-e-a-base,reel,2026-09-10,9,views,0,2026-09-20T21:14:32+00:00
2026-09-20,18142362877585635,metro-de-bh,t1:doze_meses,reel,2026-09-12,8,comments,0,2026-09-20T21:14:32+00:00
2026-09-20,18142362877585635,metro-de-bh,t1:doze_meses,reel,2026-09-12,8,ig_reels_avg_watch_time,4514,2026-09-20T21:14:32+00:00
2026-09-20,18142362877585635,metro-de-bh,t1:doze_meses,reel,2026-09-12,8,likes,0,2026-09-20T21:14:32+00:00
2026-09-20,18142362877585635,metro-de-bh,t1:doze_meses,reel,2026-09-12,8,reach,74,2026-09-20T21:14:32+00:00
2026-09-20,18142362877585635,metro-de-bh,t1:doze_meses,reel,2026-09-12,8,saved,0,2026-09-20T21:14:32+00:00
2026-09-20,18142362877585635,metro-de-bh,t1:doze_meses,reel,2026-09-12,8,shares,0,2026-09-20T21:14:32+00:00
2026-09-20,18142362877585635,metro-de-bh,t1:doze_meses,reel,2026-09-12,8,total_interactions,0,2026-09-20T21:14:32+00:00
2026-09-20,18142362877585635,metro-de-bh,t1:doze_meses,reel,2026-09-12,8,views,81,2026-09-20T21:14:32+00:00
2026-09-21,17895393021392219,metro-de-bh,os-tres-horizontes,reel,2026-09-09,12,comments,0,2026-09-21T21:14:53+00:00
2026-09-21,17895393021392219,metro-de-bh,os-tres-horizontes,reel,2026-09-09,12,ig_reels_avg_watch_time,2439,2026-09-21T21:14:53+00:00
2026-09-21,17895393021392219,metro-de-bh,os-tres-horizontes,reel,2026-09-09,12,likes,1,2026-09-21T21:14:53+00:00
2026-09-21,17895393021392219,metro-de-bh,os-tres-horizontes,reel,2026-09-09,12,reach,45,2026-09-21T21:14:53+00:00
2026-09-21,17895393021392219,metro-de-bh,os-tres-horizontes,reel,2026-09-09,12,saved,0,2026-09-21T21:14:53+00:00
2026-09-21,17895393021392219,metro-de-bh,os-tres-horizontes,reel,2026-09-09,12,shares,0,2026-09-21T21:14:53+00:00
2026-09-21,17895393021392219,metro-de-bh,os-tres-horizontes,reel,2026-09-09,12,total_interactions,1,2026-09-21T21:14:53+00:00
2026-09-21,17895393021392219,metro-de-bh,os-tres-horizontes,reel,2026-09-09,12,views,49,2026-09-21T21:14:53+00:00
2026-09-21,17901857445354820,metro-de-bh,contra-a-inflacao,reel,2026-09-08,13,comments,0,2026-09-21T21:14:53+00:00
2026-09-21,17901857445354820,metro-de-bh,contra-a-inflacao,reel,2026-09-08,13,ig_reels_avg_watch_time,7724,2026-09-21T21:14:53+00:00
2026-09-21,17901857445354820,metro-de-bh,contra-a-inflacao,reel,2026-09-08,13,likes,0,2026-09-21T21:14:53+00:00
2026-09-21,17901857445354820,metro-de-bh,contra-a-inflacao,reel,2026-09-08,13,reach,1,2026-09-21T21:14:53+00:00
2026-09-21,17901857445354820,metro-de-bh,contra-a-inflacao,reel,2026-09-08,13,saved,0,2026-09-21T21:14:53+00:00
2026-09-21,17901857445354820,metro-de-bh,contra-a-inflacao,reel,2026-09-08,13,shares,0,2026-09-21T21:14:53+00:00
2026-09-21,17901857445354820,metro-de-bh,contra-a-inflacao,reel,2026-09-08,13,total_interactions,0,2026-09-21T21:14:53+00:00
2026-09-21,17901857445354820,metro-de-bh,contra-a-inflacao,reel,2026-09-08,13,views,1,2026-09-21T21:14:53+00:00
2026-09-21,17980367396902015,metro-de-bh,t1:ano,reel,2026-09-12,9,comments,0,2026-09-21T21:14:53+00:00
2026-09-21,17980367396902015,metro-de-bh,t1:ano,reel,2026-09-12,9,ig_reels_avg_watch_time,5349,2026-09-21T21:14:53+00:00
2026-09-21,17980367396902015,metro-de-bh,t1:ano,reel,2026-09-12,9,likes,0,2026-09-21T21:14:53+00:00
2026-09-21,17980367396902015,metro-de-bh,t1:ano,reel,2026-09-12,9,reach,6,2026-09-21T21:14:53+00:00
2026-09-21,17980367396902015,metro-de-bh,t1:ano,reel,2026-09-12,9,saved,0,2026-09-21T21:14:53+00:00
2026-09-21,17980367396902015,metro-de-bh,t1:ano,reel,2026-09-12,9,shares,0,2026-09-21T21:14:53+00:00
2026-09-21,17980367396902015,metro-de-bh,t1:ano,reel,2026-09-12,9,total_interactions,0,2026-09-21T21:14:53+00:00
2026-09-21,17980367396902015,metro-de-bh,t1:ano,reel,2026-09-12,9,views,6,2026-09-21T21:14:53+00:00
2026-09-21,18002295893795529,metro-de-bh,quem-esta-em-queda,reel,2026-09-11,10,comments,0,2026-09-21T21:14:53+00:00
2026-09-21,18002295893795529,metro-de-bh,quem-esta-em-queda,reel,2026-09-11,10,ig_reels_avg_watch_time,4406,2026-09-21T21:14:53+00:00
2026-09-21,18002295893795529,metro-de-bh,quem-esta-em-queda,reel,2026-09-11,10,likes,0,2026-09-21T21:14:53+00:00
2026-09-21,18002295893795529,metro-de-bh,quem-esta-em-queda,reel,2026-09-11,10,reach,0,2026-09-21T21:14:53+00:00
2026-09-21,18002295893795529,metro-de-bh,quem-esta-em-queda,reel,2026-09-11,10,saved,0,2026-09-21T21:14:53+00:00
2026-09-21,18002295893795529,metro-de-bh,quem-esta-em-queda,reel,2026-09-11,10,shares,0,2026-09-21T21:14:53+00:00
2026-09-21,18002295893795529,metro-de-bh,quem-esta-em-queda,reel,2026-09-11,10,total_interactions,0,2026-09-21T21:14:53+00:00
2026-09-21,18002295893795529,metro-de-bh,quem-esta-em-queda,reel,2026-09-11,10,views,0,2026-09-21T21:14:53+00:00
2026-09-21,18093109655554507,metro-de-bh,padrao,reel,2026-09-08,13,comments,0,2026-09-21T21:14:53+00:00
2026-09-21,18093109655554507,metro-de-bh,padrao,reel,2026-09-08,13,ig_reels_avg_watch_time,16083,2026-09-21T21:14:53+00:00
2026-09-21,18093109655554507,metro-de-bh,padrao,reel,2026-09-08,13,likes,0,2026-09-21T21:14:53+00:00
2026-09-21,18093109655554507,metro-de-bh,padrao,reel,2026-09-08,13,reach,1,2026-09-21T21:14:53+00:00
2026-09-21,18093109655554507,metro-de-bh,padrao,reel,2026-09-08,13,saved,0,2026-09-21T21:14:53+00:00
2026-09-21,18093109655554507,metro-de-bh,padrao,reel,2026-09-08,13,shares,0,2026-09-21T21:14:53+00:00
2026-09-21,18093109655554507,metro-de-bh,padrao,reel,2026-09-08,13,total_interactions,0,2026-09-21T21:14:53+00:00
2026-09-21,18093109655554507,metro-de-bh,padrao,reel,2026-09-08,13,views,4,2026-09-21T21:14:53+00:00
2026-09-21,18095669867253904,metro-de-bh,quem-esta-subindo,reel,2026-09-15,6,comments,0,2026-09-21T21:14:53+00:00
2026-09-21,18095669867253904,metro-de-bh,quem-esta-subindo,reel,2026-09-15,6,ig_reels_avg_watch_time,14602,2026-09-21T21:14:53+00:00
2026-09-21,18095669867253904,metro-de-bh,quem-esta-subindo,reel,2026-09-15,6,likes,0,2026-09-21T21:14:53+00:00
2026-09-21,18095669867253904,metro-de-bh,quem-esta-subindo,reel,2026-09-15,6,reach,1,2026-09-21T21:14:53+00:00
2026-09-21,18095669867253904,metro-de-bh,quem-esta-subindo,reel,2026-09-15,6,saved,0,2026-09-21T21:14:53+00:00
2026-09-21,18095669867253904,metro-de-bh,quem-esta-subindo,reel,2026-09-15,6,shares,0,2026-09-21T21:14:53+00:00
2026-09-21,18095669867253904,metro-de-bh,quem-esta-subindo,reel,2026-09-15,6,total_interactions,0,2026-09-21T21:14:53+00:00
2026-09-21,18095669867253904,metro-de-bh,quem-esta-subindo,reel,2026-09-15,6,views,3,2026-09-21T21:14:53+00:00
2026-09-21,18110686535327913,metro-de-bh,t1:mensal,reel,2026-09-11,10,comments,0,2026-09-21T21:14:53+00:00
2026-09-21,18110686535327913,metro-de-bh,t1:mensal,reel,2026-09-11,10,ig_reels_avg_watch_time,19823,2026-09-21T21:14:53+00:00
2026-09-21,18110686535327913,metro-de-bh,t1:mensal,reel,2026-09-11,10,likes,0,2026-09-21T21:14:53+00:00
2026-09-21,18110686535327913,metro-de-bh,t1:mensal,reel,2026-09-11,10,reach,0,2026-09-21T21:14:53+00:00
2026-09-21,18110686535327913,metro-de-bh,t1:mensal,reel,2026-09-11,10,saved,0,2026-09-21T21:14:53+00:00
2026-09-21,18110686535327913,metro-de-bh,t1:mensal,reel,2026-09-11,10,shares,0,2026-09-21T21:14:53+00:00
2026-09-21,18110686535327913,metro-de-bh,t1:mensal,reel,2026-09-11,10,total_interactions,0,2026-09-21T21:14:53+00:00
2026-09-21,18110686535327913,metro-de-bh,t1:mensal,reel,2026-09-11,10,views,0,2026-09-21T21:14:53+00:00
2026-09-21,18111726197008625,metro-de-bh,o-topo-e-a-base,reel,2026-09-10,10,comments,0,2026-09-21T21:14:53+00:00
2026-09-21,18111726197008625,metro-de-bh,o-topo-e-a-base,reel,2026-09-10,10,ig_reels_avg_watch_time,8236,2026-09-21T21:14:53+00:00
2026-09-21,18111726197008625,metro-de-bh,o-topo-e-a-base,reel,2026-09-10,10,likes,0,2026-09-21T21:14:53+00:00
2026-09-21,18111726197008625,metro-de-bh,o-topo-e-a-base,reel,2026-09-10,10,reach,0,2026-09-21T21:14:53+00:00
2026-09-21,18111726197008625,metro-de-bh,o-topo-e-a-base,reel,2026-09-10,10,saved,0,2026-09-21T21:14:53+00:00
2026-09-21,18111726197008625,metro-de-bh,o-topo-e-a-base,reel,2026-09-10,10,shares,0,2026-09-21T21:14:53+00:00
2026-09-21,18111726197008625,metro-de-bh,o-topo-e-a-base,reel,2026-09-10,10,total_interactions,0,2026-09-21T21:14:53+00:00
2026-09-21,18111726197008625,metro-de-bh,o-topo-e-a-base,reel,2026-09-10,10,views,0,2026-09-21T21:14:53+00:00
2026-09-21,18142362877585635,metro-de-bh,t1:doze_meses,reel,2026-09-12,9,comments,0,2026-09-21T21:14:53+00:00
2026-09-21,18142362877585635,metro-de-bh,t1:doze_meses,reel,2026-09-12,9,ig_reels_avg_watch_time,4514,2026-09-21T21:14:53+00:00
2026-09-21,18142362877585635,metro-de-bh,t1:doze_meses,reel,2026-09-12,9,likes,0,2026-09-21T21:14:53+00:00
2026-09-21,18142362877585635,metro-de-bh,t1:doze_meses,reel,2026-09-12,9,reach,74,2026-09-21T21:14:53+00:00
2026-09-21,18142362877585635,metro-de-bh,t1:doze_meses,reel,2026-09-12,9,saved,0,2026-09-21T21:14:53+00:00
2026-09-21,18142362877585635,metro-de-bh,t1:doze_meses,reel,2026-09-12,9,shares,0,2026-09-21T21:14:53+00:00
2026-09-21,18142362877585635,metro-de-bh,t1:doze_meses,reel,2026-09-12,9,total_interactions,0,2026-09-21T21:14:53+00:00
2026-09-21,18142362877585635,metro-de-bh,t1:doze_meses,reel,2026-09-12,9,views,81,2026-09-21T21:14:53+00:00
2026-09-22,17895393021392219,metro-de-bh,os-tres-horizontes,reel,2026-09-09,13,comments,0,2026-09-22T21:13:58+00:00
2026-09-22,17895393021392219,metro-de-bh,os-tres-horizontes,reel,2026-09-09,13,ig_reels_avg_watch_time,2439,2026-09-22T21:13:58+00:00
2026-09-22,17895393021392219,metro-de-bh,os-tres-horizontes,reel,2026-09-09,13,likes,1,2026-09-22T21:13:58+00:00
2026-09-22,17895393021392219,metro-de-bh,os-tres-horizontes,reel,2026-09-09,13,reach,45,2026-09-22T21:13:58+00:00
2026-09-22,17895393021392219,metro-de-bh,os-tres-horizontes,reel,2026-09-09,13,saved,0,2026-09-22T21:13:58+00:00
2026-09-22,17895393021392219,metro-de-bh,os-tres-horizontes,reel,2026-09-09,13,shares,0,2026-09-22T21:13:58+00:00
2026-09-22,17895393021392219,metro-de-bh,os-tres-horizontes,reel,2026-09-09,13,total_interactions,1,2026-09-22T21:13:58+00:00
2026-09-22,17895393021392219,metro-de-bh,os-tres-horizontes,reel,2026-09-09,13,views,49,2026-09-22T21:13:58+00:00
2026-09-22,17901857445354820,metro-de-bh,contra-a-inflacao,reel,2026-09-08,14,comments,0,2026-09-22T21:13:58+00:00
2026-09-22,17901857445354820,metro-de-bh,contra-a-inflacao,reel,2026-09-08,14,ig_reels_avg_watch_time,7724,2026-09-22T21:13:58+00:00
2026-09-22,17901857445354820,metro-de-bh,contra-a-inflacao,reel,2026-09-08,14,likes,0,2026-09-22T21:13:58+00:00
2026-09-22,17901857445354820,metro-de-bh,contra-a-inflacao,reel,2026-09-08,14,reach,1,2026-09-22T21:13:58+00:00
2026-09-22,17901857445354820,metro-de-bh,contra-a-inflacao,reel,2026-09-08,14,saved,0,2026-09-22T21:13:58+00:00
2026-09-22,17901857445354820,metro-de-bh,contra-a-inflacao,reel,2026-09-08,14,shares,0,2026-09-22T21:13:58+00:00
2026-09-22,17901857445354820,metro-de-bh,contra-a-inflacao,reel,2026-09-08,14,total_interactions,0,2026-09-22T21:13:58+00:00
2026-09-22,17901857445354820,metro-de-bh,contra-a-inflacao,reel,2026-09-08,14,views,1,2026-09-22T21:13:58+00:00
2026-09-22,17980367396902015,metro-de-bh,t1:ano,reel,2026-09-12,10,comments,0,2026-09-22T21:13:58+00:00
2026-09-22,17980367396902015,metro-de-bh,t1:ano,reel,2026-09-12,10,ig_reels_avg_watch_time,5349,2026-09-22T21:13:58+00:00
2026-09-22,17980367396902015,metro-de-bh,t1:ano,reel,2026-09-12,10,likes,0,2026-09-22T21:13:58+00:00
2026-09-22,17980367396902015,metro-de-bh,t1:ano,reel,2026-09-12,10,reach,6,2026-09-22T21:13:58+00:00
2026-09-22,17980367396902015,metro-de-bh,t1:ano,reel,2026-09-12,10,saved,0,2026-09-22T21:13:58+00:00
2026-09-22,17980367396902015,metro-de-bh,t1:ano,reel,2026-09-12,10,shares,0,2026-09-22T21:13:58+00:00
2026-09-22,17980367396902015,metro-de-bh,t1:ano,reel,2026-09-12,10,total_interactions,0,2026-09-22T21:13:58+00:00
2026-09-22,17980367396902015,metro-de-bh,t1:ano,reel,2026-09-12,10,views,6,2026-09-22T21:13:58+00:00
2026-09-22,18002295893795529,metro-de-bh,quem-esta-em-queda,reel,2026-09-11,11,comments,0,2026-09-22T21:13:58+00:00
2026-09-22,18002295893795529,metro-de-bh,quem-esta-em-queda,reel,2026-09-11,11,ig_reels_avg_watch_time,4406,2026-09-22T21:13:58+00:00
2026-09-22,18002295893795529,metro-de-bh,quem-esta-em-queda,reel,2026-09-11,11,likes,0,2026-09-22T21:13:58+00:00
2026-09-22,18002295893795529,metro-de-bh,quem-esta-em-queda,reel,2026-09-11,11,reach,0,2026-09-22T21:13:58+00:00
2026-09-22,18002295893795529,metro-de-bh,quem-esta-em-queda,reel,2026-09-11,11,saved,0,2026-09-22T21:13:58+00:00
2026-09-22,18002295893795529,metro-de-bh,quem-esta-em-queda,reel,2026-09-11,11,shares,0,2026-09-22T21:13:58+00:00
2026-09-22,18002295893795529,metro-de-bh,quem-esta-em-queda,reel,2026-09-11,11,total_interactions,0,2026-09-22T21:13:58+00:00
2026-09-22,18002295893795529,metro-de-bh,quem-esta-em-queda,reel,2026-09-11,11,views,0,2026-09-22T21:13:58+00:00
2026-09-22,18093109655554507,metro-de-bh,padrao,reel,2026-09-08,14,comments,0,2026-09-22T21:13:58+00:00
2026-09-22,18093109655554507,metro-de-bh,padrao,reel,2026-09-08,14,ig_reels_avg_watch_time,16083,2026-09-22T21:13:58+00:00
2026-09-22,18093109655554507,metro-de-bh,padrao,reel,2026-09-08,14,likes,0,2026-09-22T21:13:58+00:00
2026-09-22,18093109655554507,metro-de-bh,padrao,reel,2026-09-08,14,reach,1,2026-09-22T21:13:58+00:00
2026-09-22,18093109655554507,metro-de-bh,padrao,reel,2026-09-08,14,saved,0,2026-09-22T21:13:58+00:00
2026-09-22,18093109655554507,metro-de-bh,padrao,reel,2026-09-08,14,shares,0,2026-09-22T21:13:58+00:00
2026-09-22,18093109655554507,metro-de-bh,padrao,reel,2026-09-08,14,total_interactions,0,2026-09-22T21:13:58+00:00
2026-09-22,18093109655554507,metro-de-bh,padrao,reel,2026-09-08,14,views,4,2026-09-22T21:13:58+00:00
2026-09-22,18095669867253904,metro-de-bh,quem-esta-subindo,reel,2026-09-15,7,comments,0,2026-09-22T21:13:58+00:00
2026-09-22,18095669867253904,metro-de-bh,quem-esta-subindo,reel,2026-09-15,7,ig_reels_avg_watch_time,14602,2026-09-22T21:13:58+00:00
2026-09-22,18095669867253904,metro-de-bh,quem-esta-subindo,reel,2026-09-15,7,likes,0,2026-09-22T21:13:58+00:00
2026-09-22,18095669867253904,metro-de-bh,quem-esta-subindo,reel,2026-09-15,7,reach,1,2026-09-22T21:13:58+00:00
2026-09-22,18095669867253904,metro-de-bh,quem-esta-subindo,reel,2026-09-15,7,saved,0,2026-09-22T21:13:58+00:00
2026-09-22,18095669867253904,metro-de-bh,quem-esta-subindo,reel,2026-09-15,7,shares,0,2026-09-22T21:13:58+00:00
2026-09-22,18095669867253904,metro-de-bh,quem-esta-subindo,reel,2026-09-15,7,total_interactions,0,2026-09-22T21:13:58+00:00
2026-09-22,18095669867253904,metro-de-bh,quem-esta-subindo,reel,2026-09-15,7,views,3,2026-09-22T21:13:58+00:00
2026-09-22,18110686535327913,metro-de-bh,t1:mensal,reel,2026-09-11,11,comments,0,2026-09-22T21:13:58+00:00
2026-09-22,18110686535327913,metro-de-bh,t1:mensal,reel,2026-09-11,11,ig_reels_avg_watch_time,19823,2026-09-22T21:13:58+00:00
2026-09-22,18110686535327913,metro-de-bh,t1:mensal,reel,2026-09-11,11,likes,0,2026-09-22T21:13:58+00:00
2026-09-22,18110686535327913,metro-de-bh,t1:mensal,reel,2026-09-11,11,reach,0,2026-09-22T21:13:58+00:00
2026-09-22,18110686535327913,metro-de-bh,t1:mensal,reel,2026-09-11,11,saved,0,2026-09-22T21:13:58+00:00
2026-09-22,18110686535327913,metro-de-bh,t1:mensal,reel,2026-09-11,11,shares,0,2026-09-22T21:13:58+00:00
2026-09-22,18110686535327913,metro-de-bh,t1:mensal,reel,2026-09-11,11,total_interactions,0,2026-09-22T21:13:58+00:00
2026-09-22,18110686535327913,metro-de-bh,t1:mensal,reel,2026-09-11,11,views,0,2026-09-22T21:13:58+00:00
2026-09-22,18111726197008625,metro-de-bh,o-topo-e-a-base,reel,2026-09-10,11,comments,0,2026-09-22T21:13:58+00:00
2026-09-22,18111726197008625,metro-de-bh,o-topo-e-a-base,reel,2026-09-10,11,ig_reels_avg_watch_time,8236,2026-09-22T21:13:58+00:00
2026-09-22,18111726197008625,metro-de-bh,o-topo-e-a-base,reel,2026-09-10,11,likes,0,2026-09-22T21:13:58+00:00
2026-09-22,18111726197008625,metro-de-bh,o-topo-e-a-base,reel,2026-09-10,11,reach,0,2026-09-22T21:13:58+00:00
2026-09-22,18111726197008625,metro-de-bh,o-topo-e-a-base,reel,2026-09-10,11,saved,0,2026-09-22T21:13:58+00:00
2026-09-22,18111726197008625,metro-de-bh,o-topo-e-a-base,reel,2026-09-10,11,shares,0,2026-09-22T21:13:58+00:00
2026-09-22,18111726197008625,metro-de-bh,o-topo-e-a-base,reel,2026-09-10,11,total_interactions,0,2026-09-22T21:13:58+00:00
2026-09-22,18111726197008625,metro-de-bh,o-topo-e-a-base,reel,2026-09-10,11,views,0,2026-09-22T21:13:58+00:00
2026-09-22,18142362877585635,metro-de-bh,t1:doze_meses,reel,2026-09-12,10,comments,0,2026-09-22T21:13:58+00:00
2026-09-22,18142362877585635,metro-de-bh,t1:doze_meses,reel,2026-09-12,10,ig_reels_avg_watch_time,4514,2026-09-22T21:13:58+00:00
2026-09-22,18142362877585635,metro-de-bh,t1:doze_meses,reel,2026-09-12,10,likes,0,2026-09-22T21:13:58+00:00
2026-09-22,18142362877585635,metro-de-bh,t1:doze_meses,reel,2026-09-12,10,reach,74,2026-09-22T21:13:58+00:00
2026-09-22,18142362877585635,metro-de-bh,t1:doze_meses,reel,2026-09-12,10,saved,0,2026-09-22T21:13:58+00:00
2026-09-22,18142362877585635,metro-de-bh,t1:doze_meses,reel,2026-09-12,10,shares,0,2026-09-22T21:13:58+00:00
2026-09-22,18142362877585635,metro-de-bh,t1:doze_meses,reel,2026-09-12,10,total_interactions,0,2026-09-22T21:13:58+00:00
2026-09-22,18142362877585635,metro-de-bh,t1:doze_meses,reel,2026-09-12,10,views,81,2026-09-22T21:13:58+00:00
2026-09-23,17895393021392219,metro-de-bh,os-tres-horizontes,reel,2026-09-09,14,comments,0,2026-09-23T21:15:21+00:00
2026-09-23,17895393021392219,metro-de-bh,os-tres-horizontes,reel,2026-09-09,14,ig_reels_avg_watch_time,2439,2026-09-23T21:15:21+00:00
2026-09-23,17895393021392219,metro-de-bh,os-tres-horizontes,reel,2026-09-09,14,likes,1,2026-09-23T21:15:21+00:00
2026-09-23,17895393021392219,metro-de-bh,os-tres-horizontes,reel,2026-09-09,14,reach,45,2026-09-23T21:15:21+00:00
2026-09-23,17895393021392219,metro-de-bh,os-tres-horizontes,reel,2026-09-09,14,saved,0,2026-09-23T21:15:21+00:00
2026-09-23,17895393021392219,metro-de-bh,os-tres-horizontes,reel,2026-09-09,14,shares,0,2026-09-23T21:15:21+00:00
2026-09-23,17895393021392219,metro-de-bh,os-tres-horizontes,reel,2026-09-09,14,total_interactions,1,2026-09-23T21:15:21+00:00
2026-09-23,17895393021392219,metro-de-bh,os-tres-horizontes,reel,2026-09-09,14,views,49,2026-09-23T21:15:21+00:00
2026-09-23,17901857445354820,metro-de-bh,contra-a-inflacao,reel,2026-09-08,15,comments,0,2026-09-23T21:15:21+00:00
2026-09-23,17901857445354820,metro-de-bh,contra-a-inflacao,reel,2026-09-08,15,ig_reels_avg_watch_time,7724,2026-09-23T21:15:21+00:00
2026-09-23,17901857445354820,metro-de-bh,contra-a-inflacao,reel,2026-09-08,15,likes,0,2026-09-23T21:15:21+00:00
2026-09-23,17901857445354820,metro-de-bh,contra-a-inflacao,reel,2026-09-08,15,reach,1,2026-09-23T21:15:21+00:00
2026-09-23,17901857445354820,metro-de-bh,contra-a-inflacao,reel,2026-09-08,15,saved,0,2026-09-23T21:15:21+00:00
2026-09-23,17901857445354820,metro-de-bh,contra-a-inflacao,reel,2026-09-08,15,shares,0,2026-09-23T21:15:21+00:00
2026-09-23,17901857445354820,metro-de-bh,contra-a-inflacao,reel,2026-09-08,15,total_interactions,0,2026-09-23T21:15:21+00:00
2026-09-23,17901857445354820,metro-de-bh,contra-a-inflacao,reel,2026-09-08,15,views,1,2026-09-23T21:15:21+00:00
2026-09-23,17980367396902015,metro-de-bh,t1:ano,reel,2026-09-12,11,comments,0,2026-09-23T21:15:21+00:00
2026-09-23,17980367396902015,metro-de-bh,t1:ano,reel,2026-09-12,11,ig_reels_avg_watch_time,5349,2026-09-23T21:15:21+00:00
2026-09-23,17980367396902015,metro-de-bh,t1:ano,reel,2026-09-12,11,likes,0,2026-09-23T21:15:21+00:00
2026-09-23,17980367396902015,metro-de-bh,t1:ano,reel,2026-09-12,11,reach,6,2026-09-23T21:15:21+00:00
2026-09-23,17980367396902015,metro-de-bh,t1:ano,reel,2026-09-12,11,saved,0,2026-09-23T21:15:21+00:00
2026-09-23,17980367396902015,metro-de-bh,t1:ano,reel,2026-09-12,11,shares,0,2026-09-23T21:15:21+00:00
2026-09-23,17980367396902015,metro-de-bh,t1:ano,reel,2026-09-12,11,total_interactions,0,2026-09-23T21:15:21+00:00
2026-09-23,17980367396902015,metro-de-bh,t1:ano,reel,2026-09-12,11,views,6,2026-09-23T21:15:21+00:00
2026-09-23,18002295893795529,metro-de-bh,quem-esta-em-queda,reel,2026-09-11,12,comments,0,2026-09-23T21:15:21+00:00
2026-09-23,18002295893795529,metro-de-bh,quem-esta-em-queda,reel,2026-09-11,12,ig_reels_avg_watch_time,4406,2026-09-23T21:15:21+00:00
2026-09-23,18002295893795529,metro-de-bh,quem-esta-em-queda,reel,2026-09-11,12,likes,0,2026-09-23T21:15:21+00:00
2026-09-23,18002295893795529,metro-de-bh,quem-esta-em-queda,reel,2026-09-11,12,reach,0,2026-09-23T21:15:21+00:00
2026-09-23,18002295893795529,metro-de-bh,quem-esta-em-queda,reel,2026-09-11,12,saved,0,2026-09-23T21:15:21+00:00
2026-09-23,18002295893795529,metro-de-bh,quem-esta-em-queda,reel,2026-09-11,12,shares,0,2026-09-23T21:15:21+00:00
2026-09-23,18002295893795529,metro-de-bh,quem-esta-em-queda,reel,2026-09-11,12,total_interactions,0,2026-09-23T21:15:21+00:00
2026-09-23,18002295893795529,metro-de-bh,quem-esta-em-queda,reel,2026-09-11,12,views,0,2026-09-23T21:15:21+00:00
2026-09-23,18093109655554507,metro-de-bh,padrao,reel,2026-09-08,15,comments,0,2026-09-23T21:15:21+00:00
2026-09-23,18093109655554507,metro-de-bh,padrao,reel,2026-09-08,15,ig_reels_avg_watch_time,16083,2026-09-23T21:15:21+00:00
2026-09-23,18093109655554507,metro-de-bh,padrao,reel,2026-09-08,15,likes,0,2026-09-23T21:15:21+00:00
2026-09-23,18093109655554507,metro-de-bh,padrao,reel,2026-09-08,15,reach,1,2026-09-23T21:15:21+00:00
2026-09-23,18093109655554507,metro-de-bh,padrao,reel,2026-09-08,15,saved,0,2026-09-23T21:15:21+00:00
2026-09-23,18093109655554507,metro-de-bh,padrao,reel,2026-09-08,15,shares,0,2026-09-23T21:15:21+00:00
2026-09-23,18093109655554507,metro-de-bh,padrao,reel,2026-09-08,15,total_interactions,0,2026-09-23T21:15:21+00:00
2026-09-23,18093109655554507,metro-de-bh,padrao,reel,2026-09-08,15,views,4,2026-09-23T21:15:21+00:00
2026-09-23,18095669867253904,metro-de-bh,quem-esta-subindo,reel,2026-09-15,8,comments,0,2026-09-23T21:15:21+00:00
2026-09-23,18095669867253904,metro-de-bh,quem-esta-subindo,reel,2026-09-15,8,ig_reels_avg_watch_time,14602,2026-09-23T21:15:21+00:00
2026-09-23,18095669867253904,metro-de-bh,quem-esta-subindo,reel,2026-09-15,8,likes,0,2026-09-23T21:15:21+00:00
2026-09-23,18095669867253904,metro-de-bh,quem-esta-subindo,reel,2026-09-15,8,reach,1,2026-09-23T21:15:21+00:00
2026-09-23,18095669867253904,metro-de-bh,quem-esta-subindo,reel,2026-09-15,8,saved,0,2026-09-23T21:15:21+00:00
2026-09-23,18095669867253904,metro-de-bh,quem-esta-subindo,reel,2026-09-15,8,shares,0,2026-09-23T21:15:21+00:00
2026-09-23,18095669867253904,metro-de-bh,quem-esta-subindo,reel,2026-09-15,8,total_interactions,0,2026-09-23T21:15:21+00:00
2026-09-23,18095669867253904,metro-de-bh,quem-esta-subindo,reel,2026-09-15,8,views,3,2026-09-23T21:15:21+00:00
2026-09-23,18110686535327913,metro-de-bh,t1:mensal,reel,2026-09-11,12,comments,0,2026-09-23T21:15:21+00:00
2026-09-23,18110686535327913,metro-de-bh,t1:mensal,reel,2026-09-11,12,ig_reels_avg_watch_time,19823,2026-09-23T21:15:21+00:00
2026-09-23,18110686535327913,metro-de-bh,t1:mensal,reel,2026-09-11,12,likes,0,2026-09-23T21:15:21+00:00
2026-09-23,18110686535327913,metro-de-bh,t1:mensal,reel,2026-09-11,12,reach,0,2026-09-23T21:15:21+00:00
2026-09-23,18110686535327913,metro-de-bh,t1:mensal,reel,2026-09-11,12,saved,0,2026-09-23T21:15:21+00:00
2026-09-23,18110686535327913,metro-de-bh,t1:mensal,reel,2026-09-11,12,shares,0,2026-09-23T21:15:21+00:00
2026-09-23,18110686535327913,metro-de-bh,t1:mensal,reel,2026-09-11,12,total_interactions,0,2026-09-23T21:15:21+00:00
2026-09-23,18110686535327913,metro-de-bh,t1:mensal,reel,2026-09-11,12,views,0,2026-09-23T21:15:21+00:00
2026-09-23,18111726197008625,metro-de-bh,o-topo-e-a-base,reel,2026-09-10,12,comments,0,2026-09-23T21:15:21+00:00
2026-09-23,18111726197008625,metro-de-bh,o-topo-e-a-base,reel,2026-09-10,12,ig_reels_avg_watch_time,8236,2026-09-23T21:15:21+00:00
2026-09-23,18111726197008625,metro-de-bh,o-topo-e-a-base,reel,2026-09-10,12,likes,0,2026-09-23T21:15:21+00:00
2026-09-23,18111726197008625,metro-de-bh,o-topo-e-a-base,reel,2026-09-10,12,reach,0,2026-09-23T21:15:21+00:00
2026-09-23,18111726197008625,metro-de-bh,o-topo-e-a-base,reel,2026-09-10,12,saved,0,2026-09-23T21:15:21+00:00
2026-09-23,18111726197008625,metro-de-bh,o-topo-e-a-base,reel,2026-09-10,12,shares,0,2026-09-23T21:15:21+00:00
2026-09-23,18111726197008625,metro-de-bh,o-topo-e-a-base,reel,2026-09-10,12,total_interactions,0,2026-09-23T21:15:21+00:00
2026-09-23,18111726197008625,metro-de-bh,o-topo-e-a-base,reel,2026-09-10,12,views,0,2026-09-23T21:15:21+00:00
2026-09-23,18142362877585635,metro-de-bh,t1:doze_meses,reel,2026-09-12,11,comments,0,2026-09-23T21:15:21+00:00
2026-09-23,18142362877585635,metro-de-bh,t1:doze_meses,reel,2026-09-12,11,ig_reels_avg_watch_time,4514,2026-09-23T21:15:21+00:00
2026-09-23,18142362877585635,metro-de-bh,t1:doze_meses,reel,2026-09-12,11,likes,0,2026-09-23T21:15:21+00:00
2026-09-23,18142362877585635,metro-de-bh,t1:doze_meses,reel,2026-09-12,11,reach,74,2026-09-23T21:15:21+00:00
2026-09-23,18142362877585635,metro-de-bh,t1:doze_meses,reel,2026-09-12,11,saved,0,2026-09-23T21:15:21+00:00
2026-09-23,18142362877585635,metro-de-bh,t1:doze_meses,reel,2026-09-12,11,shares,0,2026-09-23T21:15:21+00:00
2026-09-23,18142362877585635,metro-de-bh,t1:doze_meses,reel,2026-09-12,11,total_interactions,0,2026-09-23T21:15:21+00:00
2026-09-23,18142362877585635,metro-de-bh,t1:doze_meses,reel,2026-09-12,11,views,81,2026-09-23T21:15:21+00:00
2026-09-24,17895393021392219,metro-de-bh,os-tres-horizontes,reel,2026-09-09,15,comments,0,2026-09-24T21:15:00+00:00
2026-09-24,17895393021392219,metro-de-bh,os-tres-horizontes,reel,2026-09-09,15,ig_reels_avg_watch_time,2439,2026-09-24T21:15:00+00:00
2026-09-24,17895393021392219,metro-de-bh,os-tres-horizontes,reel,2026-09-09,15,likes,1,2026-09-24T21:15:00+00:00
2026-09-24,17895393021392219,metro-de-bh,os-tres-horizontes,reel,2026-09-09,15,reach,45,2026-09-24T21:15:00+00:00
2026-09-24,17895393021392219,metro-de-bh,os-tres-horizontes,reel,2026-09-09,15,saved,0,2026-09-24T21:15:00+00:00
2026-09-24,17895393021392219,metro-de-bh,os-tres-horizontes,reel,2026-09-09,15,shares,0,2026-09-24T21:15:00+00:00
2026-09-24,17895393021392219,metro-de-bh,os-tres-horizontes,reel,2026-09-09,15,total_interactions,1,2026-09-24T21:15:00+00:00
2026-09-24,17895393021392219,metro-de-bh,os-tres-horizontes,reel,2026-09-09,15,views,49,2026-09-24T21:15:00+00:00
2026-09-24,17901857445354820,metro-de-bh,contra-a-inflacao,reel,2026-09-08,16,comments,0,2026-09-24T21:15:00+00:00
2026-09-24,17901857445354820,metro-de-bh,contra-a-inflacao,reel,2026-09-08,16,ig_reels_avg_watch_time,7724,2026-09-24T21:15:00+00:00
2026-09-24,17901857445354820,metro-de-bh,contra-a-inflacao,reel,2026-09-08,16,likes,0,2026-09-24T21:15:00+00:00
2026-09-24,17901857445354820,metro-de-bh,contra-a-inflacao,reel,2026-09-08,16,reach,1,2026-09-24T21:15:00+00:00
2026-09-24,17901857445354820,metro-de-bh,contra-a-inflacao,reel,2026-09-08,16,saved,0,2026-09-24T21:15:00+00:00
2026-09-24,17901857445354820,metro-de-bh,contra-a-inflacao,reel,2026-09-08,16,shares,0,2026-09-24T21:15:00+00:00
2026-09-24,17901857445354820,metro-de-bh,contra-a-inflacao,reel,2026-09-08,16,total_interactions,0,2026-09-24T21:15:00+00:00
2026-09-24,17901857445354820,metro-de-bh,contra-a-inflacao,reel,2026-09-08,16,views,1,2026-09-24T21:15:00+00:00
2026-09-24,17980367396902015,metro-de-bh,t1:ano,reel,2026-09-12,12,comments,0,2026-09-24T21:15:00+00:00
2026-09-24,17980367396902015,metro-de-bh,t1:ano,reel,2026-09-12,12,ig_reels_avg_watch_time,5349,2026-09-24T21:15:00+00:00
2026-09-24,17980367396902015,metro-de-bh,t1:ano,reel,2026-09-12,12,likes,0,2026-09-24T21:15:00+00:00
2026-09-24,17980367396902015,metro-de-bh,t1:ano,reel,2026-09-12,12,reach,6,2026-09-24T21:15:00+00:00
2026-09-24,17980367396902015,metro-de-bh,t1:ano,reel,2026-09-12,12,saved,0,2026-09-24T21:15:00+00:00
2026-09-24,17980367396902015,metro-de-bh,t1:ano,reel,2026-09-12,12,shares,0,2026-09-24T21:15:00+00:00
2026-09-24,17980367396902015,metro-de-bh,t1:ano,reel,2026-09-12,12,total_interactions,0,2026-09-24T21:15:00+00:00
2026-09-24,17980367396902015,metro-de-bh,t1:ano,reel,2026-09-12,12,views,6,2026-09-24T21:15:00+00:00
2026-09-24,18002295893795529,metro-de-bh,quem-esta-em-queda,reel,2026-09-11,13,comments,0,2026-09-24T21:15:00+00:00
2026-09-24,18002295893795529,metro-de-bh,quem-esta-em-queda,reel,2026-09-11,13,ig_reels_avg_watch_time,4406,2026-09-24T21:15:00+00:00
2026-09-24,18002295893795529,metro-de-bh,quem-esta-em-queda,reel,2026-09-11,13,likes,0,2026-09-24T21:15:00+00:00
2026-09-24,18002295893795529,metro-de-bh,quem-esta-em-queda,reel,2026-09-11,13,reach,0,2026-09-24T21:15:00+00:00
2026-09-24,18002295893795529,metro-de-bh,quem-esta-em-queda,reel,2026-09-11,13,saved,0,2026-09-24T21:15:00+00:00
2026-09-24,18002295893795529,metro-de-bh,quem-esta-em-queda,reel,2026-09-11,13,shares,0,2026-09-24T21:15:00+00:00
2026-09-24,18002295893795529,metro-de-bh,quem-esta-em-queda,reel,2026-09-11,13,total_interactions,0,2026-09-24T21:15:00+00:00
2026-09-24,18002295893795529,metro-de-bh,quem-esta-em-queda,reel,2026-09-11,13,views,0,2026-09-24T21:15:00+00:00
2026-09-24,18093109655554507,metro-de-bh,padrao,reel,2026-09-08,16,comments,0,2026-09-24T21:15:00+00:00
2026-09-24,18093109655554507,metro-de-bh,padrao,reel,2026-09-08,16,ig_reels_avg_watch_time,16083,2026-09-24T21:15:00+00:00
2026-09-24,18093109655554507,metro-de-bh,padrao,reel,2026-09-08,16,likes,0,2026-09-24T21:15:00+00:00
2026-09-24,18093109655554507,metro-de-bh,padrao,reel,2026-09-08,16,reach,1,2026-09-24T21:15:00+00:00
2026-09-24,18093109655554507,metro-de-bh,padrao,reel,2026-09-08,16,saved,0,2026-09-24T21:15:00+00:00
2026-09-24,18093109655554507,metro-de-bh,padrao,reel,2026-09-08,16,shares,0,2026-09-24T21:15:00+00:00
2026-09-24,18093109655554507,metro-de-bh,padrao,reel,2026-09-08,16,total_interactions,0,2026-09-24T21:15:00+00:00
2026-09-24,18093109655554507,metro-de-bh,padrao,reel,2026-09-08,16,views,4,2026-09-24T21:15:00+00:00
2026-09-24,18095669867253904,metro-de-bh,quem-esta-subindo,reel,2026-09-15,9,comments,0,2026-09-24T21:15:00+00:00
2026-09-24,18095669867253904,metro-de-bh,quem-esta-subindo,reel,2026-09-15,9,ig_reels_avg_watch_time,14602,2026-09-24T21:15:00+00:00
2026-09-24,18095669867253904,metro-de-bh,quem-esta-subindo,reel,2026-09-15,9,likes,0,2026-09-24T21:15:00+00:00
2026-09-24,18095669867253904,metro-de-bh,quem-esta-subindo,reel,2026-09-15,9,reach,1,2026-09-24T21:15:00+00:00
2026-09-24,18095669867253904,metro-de-bh,quem-esta-subindo,reel,2026-09-15,9,saved,0,2026-09-24T21:15:00+00:00
2026-09-24,18095669867253904,metro-de-bh,quem-esta-subindo,reel,2026-09-15,9,shares,0,2026-09-24T21:15:00+00:00
2026-09-24,18095669867253904,metro-de-bh,quem-esta-subindo,reel,2026-09-15,9,total_interactions,0,2026-09-24T21:15:00+00:00
2026-09-24,18095669867253904,metro-de-bh,quem-esta-subindo,reel,2026-09-15,9,views,3,2026-09-24T21:15:00+00:00
2026-09-24,18110686535327913,metro-de-bh,t1:mensal,reel,2026-09-11,13,comments,0,2026-09-24T21:15:00+00:00
2026-09-24,18110686535327913,metro-de-bh,t1:mensal,reel,2026-09-11,13,ig_reels_avg_watch_time,19823,2026-09-24T21:15:00+00:00
2026-09-24,18110686535327913,metro-de-bh,t1:mensal,reel,2026-09-11,13,likes,0,2026-09-24T21:15:00+00:00
2026-09-24,18110686535327913,metro-de-bh,t1:mensal,reel,2026-09-11,13,reach,0,2026-09-24T21:15:00+00:00
2026-09-24,18110686535327913,metro-de-bh,t1:mensal,reel,2026-09-11,13,saved,0,2026-09-24T21:15:00+00:00
2026-09-24,18110686535327913,metro-de-bh,t1:mensal,reel,2026-09-11,13,shares,0,2026-09-24T21:15:00+00:00
2026-09-24,18110686535327913,metro-de-bh,t1:mensal,reel,2026-09-11,13,total_interactions,0,2026-09-24T21:15:00+00:00
2026-09-24,18110686535327913,metro-de-bh,t1:mensal,reel,2026-09-11,13,views,0,2026-09-24T21:15:00+00:00
2026-09-24,18111726197008625,metro-de-bh,o-topo-e-a-base,reel,2026-09-10,13,comments,0,2026-09-24T21:15:00+00:00
2026-09-24,18111726197008625,metro-de-bh,o-topo-e-a-base,reel,2026-09-10,13,ig_reels_avg_watch_time,8236,2026-09-24T21:15:00+00:00
2026-09-24,18111726197008625,metro-de-bh,o-topo-e-a-base,reel,2026-09-10,13,likes,0,2026-09-24T21:15:00+00:00
2026-09-24,18111726197008625,metro-de-bh,o-topo-e-a-base,reel,2026-09-10,13,reach,0,2026-09-24T21:15:00+00:00
2026-09-24,18111726197008625,metro-de-bh,o-topo-e-a-base,reel,2026-09-10,13,saved,0,2026-09-24T21:15:00+00:00
2026-09-24,18111726197008625,metro-de-bh,o-topo-e-a-base,reel,2026-09-10,13,shares,0,2026-09-24T21:15:00+00:00
2026-09-24,18111726197008625,metro-de-bh,o-topo-e-a-base,reel,2026-09-10,13,total_interactions,0,2026-09-24T21:15:00+00:00
2026-09-24,18111726197008625,metro-de-bh,o-topo-e-a-base,reel,2026-09-10,13,views,0,2026-09-24T21:15:00+00:00
2026-09-24,18142362877585635,metro-de-bh,t1:doze_meses,reel,2026-09-12,12,comments,0,2026-09-24T21:15:00+00:00
2026-09-24,18142362877585635,metro-de-bh,t1:doze_meses,reel,2026-09-12,12,ig_reels_avg_watch_time,4514,2026-09-24T21:15:00+00:00
2026-09-24,18142362877585635,metro-de-bh,t1:doze_meses,reel,2026-09-12,12,likes,0,2026-09-24T21:15:00+00:00
2026-09-24,18142362877585635,metro-de-bh,t1:doze_meses,reel,2026-09-12,12,reach,74,2026-09-24T21:15:00+00:00
2026-09-24,18142362877585635,metro-de-bh,t1:doze_meses,reel,2026-09-12,12,saved,0,2026-09-24T21:15:00+00:00
2026-09-24,18142362877585635,metro-de-bh,t1:doze_meses,reel,2026-09-12,12,shares,0,2026-09-24T21:15:00+00:00
2026-09-24,18142362877585635,metro-de-bh,t1:doze_meses,reel,2026-09-12,12,total_interactions,0,2026-09-24T21:15:00+00:00
2026-09-24,18142362877585635,metro-de-bh,t1:doze_meses,reel,2026-09-12,12,views,81,2026-09-24T21:15:00+00:00
2026-09-25,17895393021392219,metro-de-bh,os-tres-horizontes,reel,2026-09-09,16,comments,0,2026-09-25T21:15:21+00:00
2026-09-25,17895393021392219,metro-de-bh,os-tres-horizontes,reel,2026-09-09,16,ig_reels_avg_watch_time,2439,2026-09-25T21:15:21+00:00
2026-09-25,17895393021392219,metro-de-bh,os-tres-horizontes,reel,2026-09-09,16,likes,1,2026-09-25T21:15:21+00:00
2026-09-25,17895393021392219,metro-de-bh,os-tres-horizontes,reel,2026-09-09,16,reach,45,2026-09-25T21:15:21+00:00
2026-09-25,17895393021392219,metro-de-bh,os-tres-horizontes,reel,2026-09-09,16,saved,0,2026-09-25T21:15:21+00:00
2026-09-25,17895393021392219,metro-de-bh,os-tres-horizontes,reel,2026-09-09,16,shares,0,2026-09-25T21:15:21+00:00
2026-09-25,17895393021392219,metro-de-bh,os-tres-horizontes,reel,2026-09-09,16,total_interactions,1,2026-09-25T21:15:21+00:00
2026-09-25,17895393021392219,metro-de-bh,os-tres-horizontes,reel,2026-09-09,16,views,49,2026-09-25T21:15:21+00:00
2026-09-25,17901857445354820,metro-de-bh,contra-a-inflacao,reel,2026-09-08,17,comments,0,2026-09-25T21:15:21+00:00
2026-09-25,17901857445354820,metro-de-bh,contra-a-inflacao,reel,2026-09-08,17,ig_reels_avg_watch_time,7724,2026-09-25T21:15:21+00:00
2026-09-25,17901857445354820,metro-de-bh,contra-a-inflacao,reel,2026-09-08,17,likes,0,2026-09-25T21:15:21+00:00
2026-09-25,17901857445354820,metro-de-bh,contra-a-inflacao,reel,2026-09-08,17,reach,1,2026-09-25T21:15:21+00:00
2026-09-25,17901857445354820,metro-de-bh,contra-a-inflacao,reel,2026-09-08,17,saved,0,2026-09-25T21:15:21+00:00
2026-09-25,17901857445354820,metro-de-bh,contra-a-inflacao,reel,2026-09-08,17,shares,0,2026-09-25T21:15:21+00:00
2026-09-25,17901857445354820,metro-de-bh,contra-a-inflacao,reel,2026-09-08,17,total_interactions,0,2026-09-25T21:15:21+00:00
2026-09-25,17901857445354820,metro-de-bh,contra-a-inflacao,reel,2026-09-08,17,views,1,2026-09-25T21:15:21+00:00
2026-09-25,17980367396902015,metro-de-bh,t1:ano,reel,2026-09-12,13,comments,0,2026-09-25T21:15:21+00:00
2026-09-25,17980367396902015,metro-de-bh,t1:ano,reel,2026-09-12,13,ig_reels_avg_watch_time,5349,2026-09-25T21:15:21+00:00
2026-09-25,17980367396902015,metro-de-bh,t1:ano,reel,2026-09-12,13,likes,0,2026-09-25T21:15:21+00:00
2026-09-25,17980367396902015,metro-de-bh,t1:ano,reel,2026-09-12,13,reach,6,2026-09-25T21:15:21+00:00
2026-09-25,17980367396902015,metro-de-bh,t1:ano,reel,2026-09-12,13,saved,0,2026-09-25T21:15:21+00:00
2026-09-25,17980367396902015,metro-de-bh,t1:ano,reel,2026-09-12,13,shares,0,2026-09-25T21:15:21+00:00
2026-09-25,17980367396902015,metro-de-bh,t1:ano,reel,2026-09-12,13,total_interactions,0,2026-09-25T21:15:21+00:00
2026-09-25,17980367396902015,metro-de-bh,t1:ano,reel,2026-09-12,13,views,6,2026-09-25T21:15:21+00:00
2026-09-25,18002295893795529,metro-de-bh,quem-esta-em-queda,reel,2026-09-11,14,comments,0,2026-09-25T21:15:21+00:00
2026-09-25,18002295893795529,metro-de-bh,quem-esta-em-queda,reel,2026-09-11,14,ig_reels_avg_watch_time,4406,2026-09-25T21:15:21+00:00
2026-09-25,18002295893795529,metro-de-bh,quem-esta-em-queda,reel,2026-09-11,14,likes,0,2026-09-25T21:15:21+00:00
2026-09-25,18002295893795529,metro-de-bh,quem-esta-em-queda,reel,2026-09-11,14,reach,0,2026-09-25T21:15:21+00:00
2026-09-25,18002295893795529,metro-de-bh,quem-esta-em-queda,reel,2026-09-11,14,saved,0,2026-09-25T21:15:21+00:00
2026-09-25,18002295893795529,metro-de-bh,quem-esta-em-queda,reel,2026-09-11,14,shares,0,2026-09-25T21:15:21+00:00
2026-09-25,18002295893795529,metro-de-bh,quem-esta-em-queda,reel,2026-09-11,14,total_interactions,0,2026-09-25T21:15:21+00:00
2026-09-25,18002295893795529,metro-de-bh,quem-esta-em-queda,reel,2026-09-11,14,views,0,2026-09-25T21:15:21+00:00
2026-09-25,18093109655554507,metro-de-bh,padrao,reel,2026-09-08,17,comments,0,2026-09-25T21:15:21+00:00
2026-09-25,18093109655554507,metro-de-bh,padrao,reel,2026-09-08,17,ig_reels_avg_watch_time,16083,2026-09-25T21:15:21+00:00
2026-09-25,18093109655554507,metro-de-bh,padrao,reel,2026-09-08,17,likes,0,2026-09-25T21:15:21+00:00
2026-09-25,18093109655554507,metro-de-bh,padrao,reel,2026-09-08,17,reach,1,2026-09-25T21:15:21+00:00
2026-09-25,18093109655554507,metro-de-bh,padrao,reel,2026-09-08,17,saved,0,2026-09-25T21:15:21+00:00
2026-09-25,18093109655554507,metro-de-bh,padrao,reel,2026-09-08,17,shares,0,2026-09-25T21:15:21+00:00
2026-09-25,18093109655554507,metro-de-bh,padrao,reel,2026-09-08,17,total_interactions,0,2026-09-25T21:15:21+00:00
2026-09-25,18093109655554507,metro-de-bh,padrao,reel,2026-09-08,17,views,4,2026-09-25T21:15:21+00:00
2026-09-25,18095669867253904,metro-de-bh,quem-esta-subindo,reel,2026-09-15,10,comments,0,2026-09-25T21:15:21+00:00
2026-09-25,18095669867253904,metro-de-bh,quem-esta-subindo,reel,2026-09-15,10,ig_reels_avg_watch_time,14602,2026-09-25T21:15:21+00:00
2026-09-25,18095669867253904,metro-de-bh,quem-esta-subindo,reel,2026-09-15,10,likes,0,2026-09-25T21:15:21+00:00
2026-09-25,18095669867253904,metro-de-bh,quem-esta-subindo,reel,2026-09-15,10,reach,1,2026-09-25T21:15:21+00:00
2026-09-25,18095669867253904,metro-de-bh,quem-esta-subindo,reel,2026-09-15,10,saved,0,2026-09-25T21:15:21+00:00
2026-09-25,18095669867253904,metro-de-bh,quem-esta-subindo,reel,2026-09-15,10,shares,0,2026-09-25T21:15:21+00:00
2026-09-25,18095669867253904,metro-de-bh,quem-esta-subindo,reel,2026-09-15,10,total_interactions,0,2026-09-25T21:15:21+00:00
2026-09-25,18095669867253904,metro-de-bh,quem-esta-subindo,reel,2026-09-15,10,views,3,2026-09-25T21:15:21+00:00
2026-09-25,18110686535327913,metro-de-bh,t1:mensal,reel,2026-09-11,14,comments,0,2026-09-25T21:15:21+00:00
2026-09-25,18110686535327913,metro-de-bh,t1:mensal,reel,2026-09-11,14,ig_reels_avg_watch_time,19823,2026-09-25T21:15:21+00:00
2026-09-25,18110686535327913,metro-de-bh,t1:mensal,reel,2026-09-11,14,likes,0,2026-09-25T21:15:21+00:00
2026-09-25,18110686535327913,metro-de-bh,t1:mensal,reel,2026-09-11,14,reach,0,2026-09-25T21:15:21+00:00
2026-09-25,18110686535327913,metro-de-bh,t1:mensal,reel,2026-09-11,14,saved,0,2026-09-25T21:15:21+00:00
2026-09-25,18110686535327913,metro-de-bh,t1:mensal,reel,2026-09-11,14,shares,0,2026-09-25T21:15:21+00:00
2026-09-25,18110686535327913,metro-de-bh,t1:mensal,reel,2026-09-11,14,total_interactions,0,2026-09-25T21:15:21+00:00
2026-09-25,18110686535327913,metro-de-bh,t1:mensal,reel,2026-09-11,14,views,0,2026-09-25T21:15:21+00:00
2026-09-25,18111726197008625,metro-de-bh,o-topo-e-a-base,reel,2026-09-10,14,comments,0,2026-09-25T21:15:21+00:00
2026-09-25,18111726197008625,metro-de-bh,o-topo-e-a-base,reel,2026-09-10,14,ig_reels_avg_watch_time,8236,2026-09-25T21:15:21+00:00
2026-09-25,18111726197008625,metro-de-bh,o-topo-e-a-base,reel,2026-09-10,14,likes,0,2026-09-25T21:15:21+00:00
2026-09-25,18111726197008625,metro-de-bh,o-topo-e-a-base,reel,2026-09-10,14,reach,0,2026-09-25T21:15:21+00:00
2026-09-25,18111726197008625,metro-de-bh,o-topo-e-a-base,reel,2026-09-10,14,saved,0,2026-09-25T21:15:21+00:00
2026-09-25,18111726197008625,metro-de-bh,o-topo-e-a-base,reel,2026-09-10,14,shares,0,2026-09-25T21:15:21+00:00
2026-09-25,18111726197008625,metro-de-bh,o-topo-e-a-base,reel,2026-09-10,14,total_interactions,0,2026-09-25T21:15:21+00:00
2026-09-25,18111726197008625,metro-de-bh,o-topo-e-a-base,reel,2026-09-10,14,views,0,2026-09-25T21:15:21+00:00
2026-09-25,18142362877585635,metro-de-bh,t1:doze_meses,reel,2026-09-12,13,comments,0,2026-09-25T21:15:21+00:00
2026-09-25,18142362877585635,metro-de-bh,t1:doze_meses,reel,2026-09-12,13,ig_reels_avg_watch_time,4514,2026-09-25T21:15:21+00:00
2026-09-25,18142362877585635,metro-de-bh,t1:doze_meses,reel,2026-09-12,13,likes,0,2026-09-25T21:15:21+00:00
2026-09-25,18142362877585635,metro-de-bh,t1:doze_meses,reel,2026-09-12,13,reach,74,2026-09-25T21:15:21+00:00
2026-09-25,18142362877585635,metro-de-bh,t1:doze_meses,reel,2026-09-12,13,saved,0,2026-09-25T21:15:21+00:00
2026-09-25,18142362877585635,metro-de-bh,t1:doze_meses,reel,2026-09-12,13,shares,0,2026-09-25T21:15:21+00:00
2026-09-25,18142362877585635,metro-de-bh,t1:doze_meses,reel,2026-09-12,13,total_interactions,0,2026-09-25T21:15:21+00:00
2026-09-25,18142362877585635,metro-de-bh,t1:doze_meses,reel,2026-09-12,13,views,81,2026-09-25T21:15:21+00:00
2026-09-26,17895393021392219,metro-de-bh,os-tres-horizontes,reel,2026-09-09,17,comments,0,2026-09-26T21:14:47+00:00
2026-09-26,17895393021392219,metro-de-bh,os-tres-horizontes,reel,2026-09-09,17,ig_reels_avg_watch_time,2439,2026-09-26T21:14:47+00:00
2026-09-26,17895393021392219,metro-de-bh,os-tres-horizontes,reel,2026-09-09,17,likes,1,2026-09-26T21:14:47+00:00
2026-09-26,17895393021392219,metro-de-bh,os-tres-horizontes,reel,2026-09-09,17,reach,45,2026-09-26T21:14:47+00:00
2026-09-26,17895393021392219,metro-de-bh,os-tres-horizontes,reel,2026-09-09,17,saved,0,2026-09-26T21:14:47+00:00
2026-09-26,17895393021392219,metro-de-bh,os-tres-horizontes,reel,2026-09-09,17,shares,0,2026-09-26T21:14:47+00:00
2026-09-26,17895393021392219,metro-de-bh,os-tres-horizontes,reel,2026-09-09,17,total_interactions,1,2026-09-26T21:14:47+00:00
2026-09-26,17895393021392219,metro-de-bh,os-tres-horizontes,reel,2026-09-09,17,views,49,2026-09-26T21:14:47+00:00
2026-09-26,17901857445354820,metro-de-bh,contra-a-inflacao,reel,2026-09-08,18,comments,0,2026-09-26T21:14:47+00:00
2026-09-26,17901857445354820,metro-de-bh,contra-a-inflacao,reel,2026-09-08,18,ig_reels_avg_watch_time,7724,2026-09-26T21:14:47+00:00
2026-09-26,17901857445354820,metro-de-bh,contra-a-inflacao,reel,2026-09-08,18,likes,0,2026-09-26T21:14:47+00:00
2026-09-26,17901857445354820,metro-de-bh,contra-a-inflacao,reel,2026-09-08,18,reach,1,2026-09-26T21:14:47+00:00
2026-09-26,17901857445354820,metro-de-bh,contra-a-inflacao,reel,2026-09-08,18,saved,0,2026-09-26T21:14:47+00:00
2026-09-26,17901857445354820,metro-de-bh,contra-a-inflacao,reel,2026-09-08,18,shares,0,2026-09-26T21:14:47+00:00
2026-09-26,17901857445354820,metro-de-bh,contra-a-inflacao,reel,2026-09-08,18,total_interactions,0,2026-09-26T21:14:47+00:00
2026-09-26,17901857445354820,metro-de-bh,contra-a-inflacao,reel,2026-09-08,18,views,1,2026-09-26T21:14:47+00:00
2026-09-26,17980367396902015,metro-de-bh,t1:ano,reel,2026-09-12,14,comments,0,2026-09-26T21:14:47+00:00
2026-09-26,17980367396902015,metro-de-bh,t1:ano,reel,2026-09-12,14,ig_reels_avg_watch_time,5349,2026-09-26T21:14:47+00:00
2026-09-26,17980367396902015,metro-de-bh,t1:ano,reel,2026-09-12,14,likes,0,2026-09-26T21:14:47+00:00
2026-09-26,17980367396902015,metro-de-bh,t1:ano,reel,2026-09-12,14,reach,6,2026-09-26T21:14:47+00:00
2026-09-26,17980367396902015,metro-de-bh,t1:ano,reel,2026-09-12,14,saved,0,2026-09-26T21:14:47+00:00
2026-09-26,17980367396902015,metro-de-bh,t1:ano,reel,2026-09-12,14,shares,0,2026-09-26T21:14:47+00:00
2026-09-26,17980367396902015,metro-de-bh,t1:ano,reel,2026-09-12,14,total_interactions,0,2026-09-26T21:14:47+00:00
2026-09-26,17980367396902015,metro-de-bh,t1:ano,reel,2026-09-12,14,views,6,2026-09-26T21:14:47+00:00
2026-09-26,18002295893795529,metro-de-bh,quem-esta-em-queda,reel,2026-09-11,15,comments,0,2026-09-26T21:14:47+00:00
2026-09-26,18002295893795529,metro-de-bh,quem-esta-em-queda,reel,2026-09-11,15,ig_reels_avg_watch_time,4406,2026-09-26T21:14:47+00:00
2026-09-26,18002295893795529,metro-de-bh,quem-esta-em-queda,reel,2026-09-11,15,likes,0,2026-09-26T21:14:47+00:00
2026-09-26,18002295893795529,metro-de-bh,quem-esta-em-queda,reel,2026-09-11,15,reach,0,2026-09-26T21:14:47+00:00
2026-09-26,18002295893795529,metro-de-bh,quem-esta-em-queda,reel,2026-09-11,15,saved,0,2026-09-26T21:14:47+00:00
2026-09-26,18002295893795529,metro-de-bh,quem-esta-em-queda,reel,2026-09-11,15,shares,0,2026-09-26T21:14:47+00:00
2026-09-26,18002295893795529,metro-de-bh,quem-esta-em-queda,reel,2026-09-11,15,total_interactions,0,2026-09-26T21:14:47+00:00
2026-09-26,18002295893795529,metro-de-bh,quem-esta-em-queda,reel,2026-09-11,15,views,0,2026-09-26T21:14:47+00:00
2026-09-26,18093109655554507,metro-de-bh,padrao,reel,2026-09-08,18,comments,0,2026-09-26T21:14:47+00:00
2026-09-26,18093109655554507,metro-de-bh,padrao,reel,2026-09-08,18,ig_reels_avg_watch_time,16083,2026-09-26T21:14:47+00:00
2026-09-26,18093109655554507,metro-de-bh,padrao,reel,2026-09-08,18,likes,0,2026-09-26T21:14:47+00:00
2026-09-26,18093109655554507,metro-de-bh,padrao,reel,2026-09-08,18,reach,1,2026-09-26T21:14:47+00:00
2026-09-26,18093109655554507,metro-de-bh,padrao,reel,2026-09-08,18,saved,0,2026-09-26T21:14:47+00:00
2026-09-26,18093109655554507,metro-de-bh,padrao,reel,2026-09-08,18,shares,0,2026-09-26T21:14:47+00:00
2026-09-26,18093109655554507,metro-de-bh,padrao,reel,2026-09-08,18,total_interactions,0,2026-09-26T21:14:47+00:00
2026-09-26,18093109655554507,metro-de-bh,padrao,reel,2026-09-08,18,views,4,2026-09-26T21:14:47+00:00
2026-09-26,18095669867253904,metro-de-bh,quem-esta-subindo,reel,2026-09-15,11,comments,0,2026-09-26T21:14:47+00:00
2026-09-26,18095669867253904,metro-de-bh,quem-esta-subindo,reel,2026-09-15,11,ig_reels_avg_watch_time,14602,2026-09-26T21:14:47+00:00
2026-09-26,18095669867253904,metro-de-bh,quem-esta-subindo,reel,2026-09-15,11,likes,0,2026-09-26T21:14:47+00:00
2026-09-26,18095669867253904,metro-de-bh,quem-esta-subindo,reel,2026-09-15,11,reach,1,2026-09-26T21:14:47+00:00
2026-09-26,18095669867253904,metro-de-bh,quem-esta-subindo,reel,2026-09-15,11,saved,0,2026-09-26T21:14:47+00:00
2026-09-26,18095669867253904,metro-de-bh,quem-esta-subindo,reel,2026-09-15,11,shares,0,2026-09-26T21:14:47+00:00
2026-09-26,18095669867253904,metro-de-bh,quem-esta-subindo,reel,2026-09-15,11,total_interactions,0,2026-09-26T21:14:47+00:00
2026-09-26,18095669867253904,metro-de-bh,quem-esta-subindo,reel,2026-09-15,11,views,3,2026-09-26T21:14:47+00:00
2026-09-26,18110686535327913,metro-de-bh,t1:mensal,reel,2026-09-11,15,comments,0,2026-09-26T21:14:47+00:00
2026-09-26,18110686535327913,metro-de-bh,t1:mensal,reel,2026-09-11,15,ig_reels_avg_watch_time,19823,2026-09-26T21:14:47+00:00
2026-09-26,18110686535327913,metro-de-bh,t1:mensal,reel,2026-09-11,15,likes,0,2026-09-26T21:14:47+00:00
2026-09-26,18110686535327913,metro-de-bh,t1:mensal,reel,2026-09-11,15,reach,0,2026-09-26T21:14:47+00:00
2026-09-26,18110686535327913,metro-de-bh,t1:mensal,reel,2026-09-11,15,saved,0,2026-09-26T21:14:47+00:00
2026-09-26,18110686535327913,metro-de-bh,t1:mensal,reel,2026-09-11,15,shares,0,2026-09-26T21:14:47+00:00
2026-09-26,18110686535327913,metro-de-bh,t1:mensal,reel,2026-09-11,15,total_interactions,0,2026-09-26T21:14:47+00:00
2026-09-26,18110686535327913,metro-de-bh,t1:mensal,reel,2026-09-11,15,views,0,2026-09-26T21:14:47+00:00
2026-09-26,18111726197008625,metro-de-bh,o-topo-e-a-base,reel,2026-09-10,15,comments,0,2026-09-26T21:14:47+00:00
2026-09-26,18111726197008625,metro-de-bh,o-topo-e-a-base,reel,2026-09-10,15,ig_reels_avg_watch_time,8236,2026-09-26T21:14:47+00:00
2026-09-26,18111726197008625,metro-de-bh,o-topo-e-a-base,reel,2026-09-10,15,likes,0,2026-09-26T21:14:47+00:00
2026-09-26,18111726197008625,metro-de-bh,o-topo-e-a-base,reel,2026-09-10,15,reach,0,2026-09-26T21:14:47+00:00
2026-09-26,18111726197008625,metro-de-bh,o-topo-e-a-base,reel,2026-09-10,15,saved,0,2026-09-26T21:14:47+00:00
2026-09-26,18111726197008625,metro-de-bh,o-topo-e-a-base,reel,2026-09-10,15,shares,0,2026-09-26T21:14:47+00:00
2026-09-26,18111726197008625,metro-de-bh,o-topo-e-a-base,reel,2026-09-10,15,total_interactions,0,2026-09-26T21:14:47+00:00
2026-09-26,18111726197008625,metro-de-bh,o-topo-e-a-base,reel,2026-09-10,15,views,0,2026-09-26T21:14:47+00:00
2026-09-26,18142362877585635,metro-de-bh,t1:doze_meses,reel,2026-09-12,14,comments,0,2026-09-26T21:14:47+00:00
2026-09-26,18142362877585635,metro-de-bh,t1:doze_meses,reel,2026-09-12,14,ig_reels_avg_watch_time,4514,2026-09-26T21:14:47+00:00
2026-09-26,18142362877585635,metro-de-bh,t1:doze_meses,reel,2026-09-12,14,likes,0,2026-09-26T21:14:47+00:00
2026-09-26,18142362877585635,metro-de-bh,t1:doze_meses,reel,2026-09-12,14,reach,74,2026-09-26T21:14:47+00:00
2026-09-26,18142362877585635,metro-de-bh,t1:doze_meses,reel,2026-09-12,14,saved,0,2026-09-26T21:14:47+00:00
2026-09-26,18142362877585635,metro-de-bh,t1:doze_meses,reel,2026-09-12,14,shares,0,2026-09-26T21:14:47+00:00
2026-09-26,18142362877585635,metro-de-bh,t1:doze_meses,reel,2026-09-12,14,total_interactions,0,2026-09-26T21:14:47+00:00
2026-09-26,18142362877585635,metro-de-bh,t1:doze_meses,reel,2026-09-12,14,views,81,2026-09-26T21:14:47+00:00
2026-09-27,17895393021392219,metro-de-bh,os-tres-horizontes,reel,2026-09-09,18,comments,0,2026-09-27T21:15:01+00:00
2026-09-27,17895393021392219,metro-de-bh,os-tres-horizontes,reel,2026-09-09,18,ig_reels_avg_watch_time,2439,2026-09-27T21:15:01+00:00
2026-09-27,17895393021392219,metro-de-bh,os-tres-horizontes,reel,2026-09-09,18,likes,1,2026-09-27T21:15:01+00:00
2026-09-27,17895393021392219,metro-de-bh,os-tres-horizontes,reel,2026-09-09,18,reach,45,2026-09-27T21:15:01+00:00
2026-09-27,17895393021392219,metro-de-bh,os-tres-horizontes,reel,2026-09-09,18,saved,0,2026-09-27T21:15:01+00:00
2026-09-27,17895393021392219,metro-de-bh,os-tres-horizontes,reel,2026-09-09,18,shares,0,2026-09-27T21:15:01+00:00
2026-09-27,17895393021392219,metro-de-bh,os-tres-horizontes,reel,2026-09-09,18,total_interactions,1,2026-09-27T21:15:01+00:00
2026-09-27,17895393021392219,metro-de-bh,os-tres-horizontes,reel,2026-09-09,18,views,49,2026-09-27T21:15:01+00:00
2026-09-27,17901857445354820,metro-de-bh,contra-a-inflacao,reel,2026-09-08,19,comments,0,2026-09-27T21:15:01+00:00
2026-09-27,17901857445354820,metro-de-bh,contra-a-inflacao,reel,2026-09-08,19,ig_reels_avg_watch_time,7724,2026-09-27T21:15:01+00:00
2026-09-27,17901857445354820,metro-de-bh,contra-a-inflacao,reel,2026-09-08,19,likes,0,2026-09-27T21:15:01+00:00
2026-09-27,17901857445354820,metro-de-bh,contra-a-inflacao,reel,2026-09-08,19,reach,1,2026-09-27T21:15:01+00:00
2026-09-27,17901857445354820,metro-de-bh,contra-a-inflacao,reel,2026-09-08,19,saved,0,2026-09-27T21:15:01+00:00
2026-09-27,17901857445354820,metro-de-bh,contra-a-inflacao,reel,2026-09-08,19,shares,0,2026-09-27T21:15:01+00:00
2026-09-27,17901857445354820,metro-de-bh,contra-a-inflacao,reel,2026-09-08,19,total_interactions,0,2026-09-27T21:15:01+00:00
2026-09-27,17901857445354820,metro-de-bh,contra-a-inflacao,reel,2026-09-08,19,views,1,2026-09-27T21:15:01+00:00
2026-09-27,17980367396902015,metro-de-bh,t1:ano,reel,2026-09-12,15,comments,0,2026-09-27T21:15:01+00:00
2026-09-27,17980367396902015,metro-de-bh,t1:ano,reel,2026-09-12,15,ig_reels_avg_watch_time,5349,2026-09-27T21:15:01+00:00
2026-09-27,17980367396902015,metro-de-bh,t1:ano,reel,2026-09-12,15,likes,0,2026-09-27T21:15:01+00:00
2026-09-27,17980367396902015,metro-de-bh,t1:ano,reel,2026-09-12,15,reach,6,2026-09-27T21:15:01+00:00
2026-09-27,17980367396902015,metro-de-bh,t1:ano,reel,2026-09-12,15,saved,0,2026-09-27T21:15:01+00:00
2026-09-27,17980367396902015,metro-de-bh,t1:ano,reel,2026-09-12,15,shares,0,2026-09-27T21:15:01+00:00
2026-09-27,17980367396902015,metro-de-bh,t1:ano,reel,2026-09-12,15,total_interactions,0,2026-09-27T21:15:01+00:00
2026-09-27,17980367396902015,metro-de-bh,t1:ano,reel,2026-09-12,15,views,6,2026-09-27T21:15:01+00:00
2026-09-27,18002295893795529,metro-de-bh,quem-esta-em-queda,reel,2026-09-11,16,comments,0,2026-09-27T21:15:01+00:00
2026-09-27,18002295893795529,metro-de-bh,quem-esta-em-queda,reel,2026-09-11,16,ig_reels_avg_watch_time,4406,2026-09-27T21:15:01+00:00
2026-09-27,18002295893795529,metro-de-bh,quem-esta-em-queda,reel,2026-09-11,16,likes,0,2026-09-27T21:15:01+00:00
2026-09-27,18002295893795529,metro-de-bh,quem-esta-em-queda,reel,2026-09-11,16,reach,0,2026-09-27T21:15:01+00:00
2026-09-27,18002295893795529,metro-de-bh,quem-esta-em-queda,reel,2026-09-11,16,saved,0,2026-09-27T21:15:01+00:00
2026-09-27,18002295893795529,metro-de-bh,quem-esta-em-queda,reel,2026-09-11,16,shares,0,2026-09-27T21:15:01+00:00
2026-09-27,18002295893795529,metro-de-bh,quem-esta-em-queda,reel,2026-09-11,16,total_interactions,0,2026-09-27T21:15:01+00:00
2026-09-27,18002295893795529,metro-de-bh,quem-esta-em-queda,reel,2026-09-11,16,views,0,2026-09-27T21:15:01+00:00
2026-09-27,18093109655554507,metro-de-bh,padrao,reel,2026-09-08,19,comments,0,2026-09-27T21:15:01+00:00
2026-09-27,18093109655554507,metro-de-bh,padrao,reel,2026-09-08,19,ig_reels_avg_watch_time,16083,2026-09-27T21:15:01+00:00
2026-09-27,18093109655554507,metro-de-bh,padrao,reel,2026-09-08,19,likes,0,2026-09-27T21:15:01+00:00
2026-09-27,18093109655554507,metro-de-bh,padrao,reel,2026-09-08,19,reach,1,2026-09-27T21:15:01+00:00
2026-09-27,18093109655554507,metro-de-bh,padrao,reel,2026-09-08,19,saved,0,2026-09-27T21:15:01+00:00
2026-09-27,18093109655554507,metro-de-bh,padrao,reel,2026-09-08,19,shares,0,2026-09-27T21:15:01+00:00
2026-09-27,18093109655554507,metro-de-bh,padrao,reel,2026-09-08,19,total_interactions,0,2026-09-27T21:15:01+00:00
2026-09-27,18093109655554507,metro-de-bh,padrao,reel,2026-09-08,19,views,4,2026-09-27T21:15:01+00:00
2026-09-27,18095669867253904,metro-de-bh,quem-esta-subindo,reel,2026-09-15,12,comments,0,2026-09-27T21:15:01+00:00
2026-09-27,18095669867253904,metro-de-bh,quem-esta-subindo,reel,2026-09-15,12,ig_reels_avg_watch_time,14602,2026-09-27T21:15:01+00:00
2026-09-27,18095669867253904,metro-de-bh,quem-esta-subindo,reel,2026-09-15,12,likes,0,2026-09-27T21:15:01+00:00
2026-09-27,18095669867253904,metro-de-bh,quem-esta-subindo,reel,2026-09-15,12,reach,1,2026-09-27T21:15:01+00:00
2026-09-27,18095669867253904,metro-de-bh,quem-esta-subindo,reel,2026-09-15,12,saved,0,2026-09-27T21:15:01+00:00
2026-09-27,18095669867253904,metro-de-bh,quem-esta-subindo,reel,2026-09-15,12,shares,0,2026-09-27T21:15:01+00:00
2026-09-27,18095669867253904,metro-de-bh,quem-esta-subindo,reel,2026-09-15,12,total_interactions,0,2026-09-27T21:15:01+00:00
2026-09-27,18095669867253904,metro-de-bh,quem-esta-subindo,reel,2026-09-15,12,views,3,2026-09-27T21:15:01+00:00
2026-09-27,18110686535327913,metro-de-bh,t1:mensal,reel,2026-09-11,16,comments,0,2026-09-27T21:15:01+00:00
2026-09-27,18110686535327913,metro-de-bh,t1:mensal,reel,2026-09-11,16,ig_reels_avg_watch_time,19823,2026-09-27T21:15:01+00:00
2026-09-27,18110686535327913,metro-de-bh,t1:mensal,reel,2026-09-11,16,likes,0,2026-09-27T21:15:01+00:00
2026-09-27,18110686535327913,metro-de-bh,t1:mensal,reel,2026-09-11,16,reach,0,2026-09-27T21:15:01+00:00
2026-09-27,18110686535327913,metro-de-bh,t1:mensal,reel,2026-09-11,16,saved,0,2026-09-27T21:15:01+00:00
2026-09-27,18110686535327913,metro-de-bh,t1:mensal,reel,2026-09-11,16,shares,0,2026-09-27T21:15:01+00:00
2026-09-27,18110686535327913,metro-de-bh,t1:mensal,reel,2026-09-11,16,total_interactions,0,2026-09-27T21:15:01+00:00
2026-09-27,18110686535327913,metro-de-bh,t1:mensal,reel,2026-09-11,16,views,0,2026-09-27T21:15:01+00:00
2026-09-27,18111726197008625,metro-de-bh,o-topo-e-a-base,reel,2026-09-10,16,comments,0,2026-09-27T21:15:01+00:00
2026-09-27,18111726197008625,metro-de-bh,o-topo-e-a-base,reel,2026-09-10,16,ig_reels_avg_watch_time,8236,2026-09-27T21:15:01+00:00
2026-09-27,18111726197008625,metro-de-bh,o-topo-e-a-base,reel,2026-09-10,16,likes,0,2026-09-27T21:15:01+00:00
2026-09-27,18111726197008625,metro-de-bh,o-topo-e-a-base,reel,2026-09-10,16,reach,0,2026-09-27T21:15:01+00:00
2026-09-27,18111726197008625,metro-de-bh,o-topo-e-a-base,reel,2026-09-10,16,saved,0,2026-09-27T21:15:01+00:00
2026-09-27,18111726197008625,metro-de-bh,o-topo-e-a-base,reel,2026-09-10,16,shares,0,2026-09-27T21:15:01+00:00
2026-09-27,18111726197008625,metro-de-bh,o-topo-e-a-base,reel,2026-09-10,16,total_interactions,0,2026-09-27T21:15:01+00:00
2026-09-27,18111726197008625,metro-de-bh,o-topo-e-a-base,reel,2026-09-10,16,views,0,2026-09-27T21:15:01+00:00
2026-09-27,18142362877585635,metro-de-bh,t1:doze_meses,reel,2026-09-12,15,comments,0,2026-09-27T21:15:01+00:00
2026-09-27,18142362877585635,metro-de-bh,t1:doze_meses,reel,2026-09-12,15,ig_reels_avg_watch_time,4514,2026-09-27T21:15:01+00:00
2026-09-27,18142362877585635,metro-de-bh,t1:doze_meses,reel,2026-09-12,15,likes,0,2026-09-27T21:15:01+00:00
2026-09-27,18142362877585635,metro-de-bh,t1:doze_meses,reel,2026-09-12,15,reach,74,2026-09-27T21:15:01+00:00
2026-09-27,18142362877585635,metro-de-bh,t1:doze_meses,reel,2026-09-12,15,saved,0,2026-09-27T21:15:01+00:00
2026-09-27,18142362877585635,metro-de-bh,t1:doze_meses,reel,2026-09-12,15,shares,0,2026-09-27T21:15:01+00:00
2026-09-27,18142362877585635,metro-de-bh,t1:doze_meses,reel,2026-09-12,15,total_interactions,0,2026-09-27T21:15:01+00:00
2026-09-27,18142362877585635,metro-de-bh,t1:doze_meses,reel,2026-09-12,15,views,81,2026-09-27T21:15:01+00:00
2026-09-28,17895393021392219,metro-de-bh,os-tres-horizontes,reel,2026-09-09,19,comments,0,2026-09-28T21:15:54+00:00
2026-09-28,17895393021392219,metro-de-bh,os-tres-horizontes,reel,2026-09-09,19,ig_reels_avg_watch_time,2439,2026-09-28T21:15:54+00:00
2026-09-28,17895393021392219,metro-de-bh,os-tres-horizontes,reel,2026-09-09,19,likes,1,2026-09-28T21:15:54+00:00
2026-09-28,17895393021392219,metro-de-bh,os-tres-horizontes,reel,2026-09-09,19,reach,45,2026-09-28T21:15:54+00:00
2026-09-28,17895393021392219,metro-de-bh,os-tres-horizontes,reel,2026-09-09,19,saved,0,2026-09-28T21:15:54+00:00
2026-09-28,17895393021392219,metro-de-bh,os-tres-horizontes,reel,2026-09-09,19,shares,0,2026-09-28T21:15:54+00:00
2026-09-28,17895393021392219,metro-de-bh,os-tres-horizontes,reel,2026-09-09,19,total_interactions,1,2026-09-28T21:15:54+00:00
2026-09-28,17895393021392219,metro-de-bh,os-tres-horizontes,reel,2026-09-09,19,views,49,2026-09-28T21:15:54+00:00
2026-09-28,17901857445354820,metro-de-bh,contra-a-inflacao,reel,2026-09-08,20,comments,0,2026-09-28T21:15:54+00:00
2026-09-28,17901857445354820,metro-de-bh,contra-a-inflacao,reel,2026-09-08,20,ig_reels_avg_watch_time,7724,2026-09-28T21:15:54+00:00
2026-09-28,17901857445354820,metro-de-bh,contra-a-inflacao,reel,2026-09-08,20,likes,0,2026-09-28T21:15:54+00:00
2026-09-28,17901857445354820,metro-de-bh,contra-a-inflacao,reel,2026-09-08,20,reach,1,2026-09-28T21:15:54+00:00
2026-09-28,17901857445354820,metro-de-bh,contra-a-inflacao,reel,2026-09-08,20,saved,0,2026-09-28T21:15:54+00:00
2026-09-28,17901857445354820,metro-de-bh,contra-a-inflacao,reel,2026-09-08,20,shares,0,2026-09-28T21:15:54+00:00
2026-09-28,17901857445354820,metro-de-bh,contra-a-inflacao,reel,2026-09-08,20,total_interactions,0,2026-09-28T21:15:54+00:00
2026-09-28,17901857445354820,metro-de-bh,contra-a-inflacao,reel,2026-09-08,20,views,1,2026-09-28T21:15:54+00:00
2026-09-28,17980367396902015,metro-de-bh,t1:ano,reel,2026-09-12,16,comments,0,2026-09-28T21:15:54+00:00
2026-09-28,17980367396902015,metro-de-bh,t1:ano,reel,2026-09-12,16,ig_reels_avg_watch_time,5349,2026-09-28T21:15:54+00:00
2026-09-28,17980367396902015,metro-de-bh,t1:ano,reel,2026-09-12,16,likes,0,2026-09-28T21:15:54+00:00
2026-09-28,17980367396902015,metro-de-bh,t1:ano,reel,2026-09-12,16,reach,6,2026-09-28T21:15:54+00:00
2026-09-28,17980367396902015,metro-de-bh,t1:ano,reel,2026-09-12,16,saved,0,2026-09-28T21:15:54+00:00
2026-09-28,17980367396902015,metro-de-bh,t1:ano,reel,2026-09-12,16,shares,0,2026-09-28T21:15:54+00:00
2026-09-28,17980367396902015,metro-de-bh,t1:ano,reel,2026-09-12,16,total_interactions,0,2026-09-28T21:15:54+00:00
2026-09-28,17980367396902015,metro-de-bh,t1:ano,reel,2026-09-12,16,views,6,2026-09-28T21:15:54+00:00
2026-09-28,18002295893795529,metro-de-bh,quem-esta-em-queda,reel,2026-09-11,17,comments,0,2026-09-28T21:15:54+00:00
2026-09-28,18002295893795529,metro-de-bh,quem-esta-em-queda,reel,2026-09-11,17,ig_reels_avg_watch_time,4406,2026-09-28T21:15:54+00:00
2026-09-28,18002295893795529,metro-de-bh,quem-esta-em-queda,reel,2026-09-11,17,likes,0,2026-09-28T21:15:54+00:00
2026-09-28,18002295893795529,metro-de-bh,quem-esta-em-queda,reel,2026-09-11,17,reach,0,2026-09-28T21:15:54+00:00
2026-09-28,18002295893795529,metro-de-bh,quem-esta-em-queda,reel,2026-09-11,17,saved,0,2026-09-28T21:15:54+00:00
2026-09-28,18002295893795529,metro-de-bh,quem-esta-em-queda,reel,2026-09-11,17,shares,0,2026-09-28T21:15:54+00:00
2026-09-28,18002295893795529,metro-de-bh,quem-esta-em-queda,reel,2026-09-11,17,total_interactions,0,2026-09-28T21:15:54+00:00
2026-09-28,18002295893795529,metro-de-bh,quem-esta-em-queda,reel,2026-09-11,17,views,0,2026-09-28T21:15:54+00:00
2026-09-28,18093109655554507,metro-de-bh,padrao,reel,2026-09-08,20,comments,0,2026-09-28T21:15:54+00:00
2026-09-28,18093109655554507,metro-de-bh,padrao,reel,2026-09-08,20,ig_reels_avg_watch_time,16083,2026-09-28T21:15:54+00:00
2026-09-28,18093109655554507,metro-de-bh,padrao,reel,2026-09-08,20,likes,0,2026-09-28T21:15:54+00:00
2026-09-28,18093109655554507,metro-de-bh,padrao,reel,2026-09-08,20,reach,1,2026-09-28T21:15:54+00:00
2026-09-28,18093109655554507,metro-de-bh,padrao,reel,2026-09-08,20,saved,0,2026-09-28T21:15:54+00:00
2026-09-28,18093109655554507,metro-de-bh,padrao,reel,2026-09-08,20,shares,0,2026-09-28T21:15:54+00:00
2026-09-28,18093109655554507,metro-de-bh,padrao,reel,2026-09-08,20,total_interactions,0,2026-09-28T21:15:54+00:00
2026-09-28,18093109655554507,metro-de-bh,padrao,reel,2026-09-08,20,views,4,2026-09-28T21:15:54+00:00
2026-09-28,18095669867253904,metro-de-bh,quem-esta-subindo,reel,2026-09-15,13,comments,0,2026-09-28T21:15:54+00:00
2026-09-28,18095669867253904,metro-de-bh,quem-esta-subindo,reel,2026-09-15,13,ig_reels_avg_watch_time,14602,2026-09-28T21:15:54+00:00
2026-09-28,18095669867253904,metro-de-bh,quem-esta-subindo,reel,2026-09-15,13,likes,0,2026-09-28T21:15:54+00:00
2026-09-28,18095669867253904,metro-de-bh,quem-esta-subindo,reel,2026-09-15,13,reach,1,2026-09-28T21:15:54+00:00
2026-09-28,18095669867253904,metro-de-bh,quem-esta-subindo,reel,2026-09-15,13,saved,0,2026-09-28T21:15:54+00:00
2026-09-28,18095669867253904,metro-de-bh,quem-esta-subindo,reel,2026-09-15,13,shares,0,2026-09-28T21:15:54+00:00
2026-09-28,18095669867253904,metro-de-bh,quem-esta-subindo,reel,2026-09-15,13,total_interactions,0,2026-09-28T21:15:54+00:00
2026-09-28,18095669867253904,metro-de-bh,quem-esta-subindo,reel,2026-09-15,13,views,3,2026-09-28T21:15:54+00:00
2026-09-28,18110686535327913,metro-de-bh,t1:mensal,reel,2026-09-11,17,comments,0,2026-09-28T21:15:54+00:00
2026-09-28,18110686535327913,metro-de-bh,t1:mensal,reel,2026-09-11,17,ig_reels_avg_watch_time,19823,2026-09-28T21:15:54+00:00
2026-09-28,18110686535327913,metro-de-bh,t1:mensal,reel,2026-09-11,17,likes,0,2026-09-28T21:15:54+00:00
2026-09-28,18110686535327913,metro-de-bh,t1:mensal,reel,2026-09-11,17,reach,0,2026-09-28T21:15:54+00:00
2026-09-28,18110686535327913,metro-de-bh,t1:mensal,reel,2026-09-11,17,saved,0,2026-09-28T21:15:54+00:00
2026-09-28,18110686535327913,metro-de-bh,t1:mensal,reel,2026-09-11,17,shares,0,2026-09-28T21:15:54+00:00
2026-09-28,18110686535327913,metro-de-bh,t1:mensal,reel,2026-09-11,17,total_interactions,0,2026-09-28T21:15:54+00:00
2026-09-28,18110686535327913,metro-de-bh,t1:mensal,reel,2026-09-11,17,views,0,2026-09-28T21:15:54+00:00
2026-09-28,18111726197008625,metro-de-bh,o-topo-e-a-base,reel,2026-09-10,17,comments,0,2026-09-28T21:15:54+00:00
2026-09-28,18111726197008625,metro-de-bh,o-topo-e-a-base,reel,2026-09-10,17,ig_reels_avg_watch_time,8236,2026-09-28T21:15:54+00:00
2026-09-28,18111726197008625,metro-de-bh,o-topo-e-a-base,reel,2026-09-10,17,likes,0,2026-09-28T21:15:54+00:00
2026-09-28,18111726197008625,metro-de-bh,o-topo-e-a-base,reel,2026-09-10,17,reach,0,2026-09-28T21:15:54+00:00
2026-09-28,18111726197008625,metro-de-bh,o-topo-e-a-base,reel,2026-09-10,17,saved,0,2026-09-28T21:15:54+00:00
2026-09-28,18111726197008625,metro-de-bh,o-topo-e-a-base,reel,2026-09-10,17,shares,0,2026-09-28T21:15:54+00:00
2026-09-28,18111726197008625,metro-de-bh,o-topo-e-a-base,reel,2026-09-10,17,total_interactions,0,2026-09-28T21:15:54+00:00
2026-09-28,18111726197008625,metro-de-bh,o-topo-e-a-base,reel,2026-09-10,17,views,0,2026-09-28T21:15:54+00:00
2026-09-28,18142362877585635,metro-de-bh,t1:doze_meses,reel,2026-09-12,16,comments,0,2026-09-28T21:15:54+00:00
2026-09-28,18142362877585635,metro-de-bh,t1:doze_meses,reel,2026-09-12,16,ig_reels_avg_watch_time,4514,2026-09-28T21:15:54+00:00
2026-09-28,18142362877585635,metro-de-bh,t1:doze_meses,reel,2026-09-12,16,likes,0,2026-09-28T21:15:54+00:00
2026-09-28,18142362877585635,metro-de-bh,t1:doze_meses,reel,2026-09-12,16,reach,74,2026-09-28T21:15:54+00:00
2026-09-28,18142362877585635,metro-de-bh,t1:doze_meses,reel,2026-09-12,16,saved,0,2026-09-28T21:15:54+00:00
2026-09-28,18142362877585635,metro-de-bh,t1:doze_meses,reel,2026-09-12,16,shares,0,2026-09-28T21:15:54+00:00
2026-09-28,18142362877585635,metro-de-bh,t1:doze_meses,reel,2026-09-12,16,total_interactions,0,2026-09-28T21:15:54+00:00
2026-09-28,18142362877585635,metro-de-bh,t1:doze_meses,reel,2026-09-12,16,views,81,2026-09-28T21:15:54+00:00
2026-09-29,17895393021392219,metro-de-bh,os-tres-horizontes,reel,2026-09-09,20,comments,0,2026-09-29T21:15:42+00:00
2026-09-29,17895393021392219,metro-de-bh,os-tres-horizontes,reel,2026-09-09,20,ig_reels_avg_watch_time,2439,2026-09-29T21:15:42+00:00
2026-09-29,17895393021392219,metro-de-bh,os-tres-horizontes,reel,2026-09-09,20,likes,1,2026-09-29T21:15:42+00:00
2026-09-29,17895393021392219,metro-de-bh,os-tres-horizontes,reel,2026-09-09,20,reach,45,2026-09-29T21:15:42+00:00
2026-09-29,17895393021392219,metro-de-bh,os-tres-horizontes,reel,2026-09-09,20,saved,0,2026-09-29T21:15:42+00:00
2026-09-29,17895393021392219,metro-de-bh,os-tres-horizontes,reel,2026-09-09,20,shares,0,2026-09-29T21:15:42+00:00
2026-09-29,17895393021392219,metro-de-bh,os-tres-horizontes,reel,2026-09-09,20,total_interactions,1,2026-09-29T21:15:42+00:00
2026-09-29,17895393021392219,metro-de-bh,os-tres-horizontes,reel,2026-09-09,20,views,49,2026-09-29T21:15:42+00:00
2026-09-29,17901857445354820,metro-de-bh,contra-a-inflacao,reel,2026-09-08,21,comments,0,2026-09-29T21:15:42+00:00
2026-09-29,17901857445354820,metro-de-bh,contra-a-inflacao,reel,2026-09-08,21,ig_reels_avg_watch_time,7724,2026-09-29T21:15:42+00:00
2026-09-29,17901857445354820,metro-de-bh,contra-a-inflacao,reel,2026-09-08,21,likes,0,2026-09-29T21:15:42+00:00
2026-09-29,17901857445354820,metro-de-bh,contra-a-inflacao,reel,2026-09-08,21,reach,1,2026-09-29T21:15:42+00:00
2026-09-29,17901857445354820,metro-de-bh,contra-a-inflacao,reel,2026-09-08,21,saved,0,2026-09-29T21:15:42+00:00
2026-09-29,17901857445354820,metro-de-bh,contra-a-inflacao,reel,2026-09-08,21,shares,0,2026-09-29T21:15:42+00:00
2026-09-29,17901857445354820,metro-de-bh,contra-a-inflacao,reel,2026-09-08,21,total_interactions,0,2026-09-29T21:15:42+00:00
2026-09-29,17901857445354820,metro-de-bh,contra-a-inflacao,reel,2026-09-08,21,views,1,2026-09-29T21:15:42+00:00
2026-09-29,17980367396902015,metro-de-bh,t1:ano,reel,2026-09-12,17,comments,0,2026-09-29T21:15:42+00:00
2026-09-29,17980367396902015,metro-de-bh,t1:ano,reel,2026-09-12,17,ig_reels_avg_watch_time,5349,2026-09-29T21:15:42+00:00
2026-09-29,17980367396902015,metro-de-bh,t1:ano,reel,2026-09-12,17,likes,0,2026-09-29T21:15:42+00:00
2026-09-29,17980367396902015,metro-de-bh,t1:ano,reel,2026-09-12,17,reach,6,2026-09-29T21:15:42+00:00
2026-09-29,17980367396902015,metro-de-bh,t1:ano,reel,2026-09-12,17,saved,0,2026-09-29T21:15:42+00:00
2026-09-29,17980367396902015,metro-de-bh,t1:ano,reel,2026-09-12,17,shares,0,2026-09-29T21:15:42+00:00
2026-09-29,17980367396902015,metro-de-bh,t1:ano,reel,2026-09-12,17,total_interactions,0,2026-09-29T21:15:42+00:00
2026-09-29,17980367396902015,metro-de-bh,t1:ano,reel,2026-09-12,17,views,6,2026-09-29T21:15:42+00:00
2026-09-29,18002295893795529,metro-de-bh,quem-esta-em-queda,reel,2026-09-11,18,comments,0,2026-09-29T21:15:42+00:00
2026-09-29,18002295893795529,metro-de-bh,quem-esta-em-queda,reel,2026-09-11,18,ig_reels_avg_watch_time,4406,2026-09-29T21:15:42+00:00
2026-09-29,18002295893795529,metro-de-bh,quem-esta-em-queda,reel,2026-09-11,18,likes,0,2026-09-29T21:15:42+00:00
2026-09-29,18002295893795529,metro-de-bh,quem-esta-em-queda,reel,2026-09-11,18,reach,0,2026-09-29T21:15:42+00:00
2026-09-29,18002295893795529,metro-de-bh,quem-esta-em-queda,reel,2026-09-11,18,saved,0,2026-09-29T21:15:42+00:00
2026-09-29,18002295893795529,metro-de-bh,quem-esta-em-queda,reel,2026-09-11,18,shares,0,2026-09-29T21:15:42+00:00
2026-09-29,18002295893795529,metro-de-bh,quem-esta-em-queda,reel,2026-09-11,18,total_interactions,0,2026-09-29T21:15:42+00:00
2026-09-29,18002295893795529,metro-de-bh,quem-esta-em-queda,reel,2026-09-11,18,views,0,2026-09-29T21:15:42+00:00
2026-09-29,18093109655554507,metro-de-bh,padrao,reel,2026-09-08,21,comments,0,2026-09-29T21:15:42+00:00
2026-09-29,18093109655554507,metro-de-bh,padrao,reel,2026-09-08,21,ig_reels_avg_watch_time,16083,2026-09-29T21:15:42+00:00
2026-09-29,18093109655554507,metro-de-bh,padrao,reel,2026-09-08,21,likes,0,2026-09-29T21:15:42+00:00
2026-09-29,18093109655554507,metro-de-bh,padrao,reel,2026-09-08,21,reach,1,2026-09-29T21:15:42+00:00
2026-09-29,18093109655554507,metro-de-bh,padrao,reel,2026-09-08,21,saved,0,2026-09-29T21:15:42+00:00
2026-09-29,18093109655554507,metro-de-bh,padrao,reel,2026-09-08,21,shares,0,2026-09-29T21:15:42+00:00
2026-09-29,18093109655554507,metro-de-bh,padrao,reel,2026-09-08,21,total_interactions,0,2026-09-29T21:15:42+00:00
2026-09-29,18093109655554507,metro-de-bh,padrao,reel,2026-09-08,21,views,4,2026-09-29T21:15:42+00:00
2026-09-29,18095669867253904,metro-de-bh,quem-esta-subindo,reel,2026-09-15,14,comments,0,2026-09-29T21:15:42+00:00
2026-09-29,18095669867253904,metro-de-bh,quem-esta-subindo,reel,2026-09-15,14,ig_reels_avg_watch_time,14602,2026-09-29T21:15:42+00:00
2026-09-29,18095669867253904,metro-de-bh,quem-esta-subindo,reel,2026-09-15,14,likes,0,2026-09-29T21:15:42+00:00
2026-09-29,18095669867253904,metro-de-bh,quem-esta-subindo,reel,2026-09-15,14,reach,1,2026-09-29T21:15:42+00:00
2026-09-29,18095669867253904,metro-de-bh,quem-esta-subindo,reel,2026-09-15,14,saved,0,2026-09-29T21:15:42+00:00
2026-09-29,18095669867253904,metro-de-bh,quem-esta-subindo,reel,2026-09-15,14,shares,0,2026-09-29T21:15:42+00:00
2026-09-29,18095669867253904,metro-de-bh,quem-esta-subindo,reel,2026-09-15,14,total_interactions,0,2026-09-29T21:15:42+00:00
2026-09-29,18095669867253904,metro-de-bh,quem-esta-subindo,reel,2026-09-15,14,views,3,2026-09-29T21:15:42+00:00
2026-09-29,18110686535327913,metro-de-bh,t1:mensal,reel,2026-09-11,18,comments,0,2026-09-29T21:15:42+00:00
2026-09-29,18110686535327913,metro-de-bh,t1:mensal,reel,2026-09-11,18,ig_reels_avg_watch_time,19823,2026-09-29T21:15:42+00:00
2026-09-29,18110686535327913,metro-de-bh,t1:mensal,reel,2026-09-11,18,likes,0,2026-09-29T21:15:42+00:00
2026-09-29,18110686535327913,metro-de-bh,t1:mensal,reel,2026-09-11,18,reach,0,2026-09-29T21:15:42+00:00
2026-09-29,18110686535327913,metro-de-bh,t1:mensal,reel,2026-09-11,18,saved,0,2026-09-29T21:15:42+00:00
2026-09-29,18110686535327913,metro-de-bh,t1:mensal,reel,2026-09-11,18,shares,0,2026-09-29T21:15:42+00:00
2026-09-29,18110686535327913,metro-de-bh,t1:mensal,reel,2026-09-11,18,total_interactions,0,2026-09-29T21:15:42+00:00
2026-09-29,18110686535327913,metro-de-bh,t1:mensal,reel,2026-09-11,18,views,0,2026-09-29T21:15:42+00:00
2026-09-29,18111726197008625,metro-de-bh,o-topo-e-a-base,reel,2026-09-10,18,comments,0,2026-09-29T21:15:42+00:00
2026-09-29,18111726197008625,metro-de-bh,o-topo-e-a-base,reel,2026-09-10,18,ig_reels_avg_watch_time,8236,2026-09-29T21:15:42+00:00
2026-09-29,18111726197008625,metro-de-bh,o-topo-e-a-base,reel,2026-09-10,18,likes,0,2026-09-29T21:15:42+00:00
2026-09-29,18111726197008625,metro-de-bh,o-topo-e-a-base,reel,2026-09-10,18,reach,0,2026-09-29T21:15:42+00:00
2026-09-29,18111726197008625,metro-de-bh,o-topo-e-a-base,reel,2026-09-10,18,saved,0,2026-09-29T21:15:42+00:00
2026-09-29,18111726197008625,metro-de-bh,o-topo-e-a-base,reel,2026-09-10,18,shares,0,2026-09-29T21:15:42+00:00
2026-09-29,18111726197008625,metro-de-bh,o-topo-e-a-base,reel,2026-09-10,18,total_interactions,0,2026-09-29T21:15:42+00:00
2026-09-29,18111726197008625,metro-de-bh,o-topo-e-a-base,reel,2026-09-10,18,views,0,2026-09-29T21:15:42+00:00
2026-09-29,18142362877585635,metro-de-bh,t1:doze_meses,reel,2026-09-12,17,comments,0,2026-09-29T21:15:42+00:00
2026-09-29,18142362877585635,metro-de-bh,t1:doze_meses,reel,2026-09-12,17,ig_reels_avg_watch_time,4514,2026-09-29T21:15:42+00:00
2026-09-29,18142362877585635,metro-de-bh,t1:doze_meses,reel,2026-09-12,17,likes,0,2026-09-29T21:15:42+00:00
2026-09-29,18142362877585635,metro-de-bh,t1:doze_meses,reel,2026-09-12,17,reach,74,2026-09-29T21:15:42+00:00
2026-09-29,18142362877585635,metro-de-bh,t1:doze_meses,reel,2026-09-12,17,saved,0,2026-09-29T21:15:42+00:00
2026-09-29,18142362877585635,metro-de-bh,t1:doze_meses,reel,2026-09-12,17,shares,0,2026-09-29T21:15:42+00:00
2026-09-29,18142362877585635,metro-de-bh,t1:doze_meses,reel,2026-09-12,17,total_interactions,0,2026-09-29T21:15:42+00:00
2026-09-29,18142362877585635,metro-de-bh,t1:doze_meses,reel,2026-09-12,17,views,81,2026-09-29T21:15:42+00:00
2026-09-30,17895393021392219,metro-de-bh,os-tres-horizontes,reel,2026-09-09,21,comments,0,2026-09-30T21:16:09+00:00
2026-09-30,17895393021392219,metro-de-bh,os-tres-horizontes,reel,2026-09-09,21,ig_reels_avg_watch_time,2439,2026-09-30T21:16:09+00:00
2026-09-30,17895393021392219,metro-de-bh,os-tres-horizontes,reel,2026-09-09,21,likes,1,2026-09-30T21:16:09+00:00
2026-09-30,17895393021392219,metro-de-bh,os-tres-horizontes,reel,2026-09-09,21,reach,45,2026-09-30T21:16:09+00:00
2026-09-30,17895393021392219,metro-de-bh,os-tres-horizontes,reel,2026-09-09,21,saved,0,2026-09-30T21:16:09+00:00
2026-09-30,17895393021392219,metro-de-bh,os-tres-horizontes,reel,2026-09-09,21,shares,0,2026-09-30T21:16:09+00:00
2026-09-30,17895393021392219,metro-de-bh,os-tres-horizontes,reel,2026-09-09,21,total_interactions,1,2026-09-30T21:16:09+00:00
2026-09-30,17895393021392219,metro-de-bh,os-tres-horizontes,reel,2026-09-09,21,views,49,2026-09-30T21:16:09+00:00
2026-09-30,17901857445354820,metro-de-bh,contra-a-inflacao,reel,2026-09-08,22,comments,0,2026-09-30T21:16:09+00:00
2026-09-30,17901857445354820,metro-de-bh,contra-a-inflacao,reel,2026-09-08,22,ig_reels_avg_watch_time,7724,2026-09-30T21:16:09+00:00
2026-09-30,17901857445354820,metro-de-bh,contra-a-inflacao,reel,2026-09-08,22,likes,0,2026-09-30T21:16:09+00:00
2026-09-30,17901857445354820,metro-de-bh,contra-a-inflacao,reel,2026-09-08,22,reach,1,2026-09-30T21:16:09+00:00
2026-09-30,17901857445354820,metro-de-bh,contra-a-inflacao,reel,2026-09-08,22,saved,0,2026-09-30T21:16:09+00:00
2026-09-30,17901857445354820,metro-de-bh,contra-a-inflacao,reel,2026-09-08,22,shares,0,2026-09-30T21:16:09+00:00
2026-09-30,17901857445354820,metro-de-bh,contra-a-inflacao,reel,2026-09-08,22,total_interactions,0,2026-09-30T21:16:09+00:00
2026-09-30,17901857445354820,metro-de-bh,contra-a-inflacao,reel,2026-09-08,22,views,1,2026-09-30T21:16:09+00:00
2026-09-30,17980367396902015,metro-de-bh,t1:ano,reel,2026-09-12,18,comments,0,2026-09-30T21:16:09+00:00
2026-09-30,17980367396902015,metro-de-bh,t1:ano,reel,2026-09-12,18,ig_reels_avg_watch_time,5349,2026-09-30T21:16:09+00:00
2026-09-30,17980367396902015,metro-de-bh,t1:ano,reel,2026-09-12,18,likes,0,2026-09-30T21:16:09+00:00
2026-09-30,17980367396902015,metro-de-bh,t1:ano,reel,2026-09-12,18,reach,6,2026-09-30T21:16:09+00:00
2026-09-30,17980367396902015,metro-de-bh,t1:ano,reel,2026-09-12,18,saved,0,2026-09-30T21:16:09+00:00
2026-09-30,17980367396902015,metro-de-bh,t1:ano,reel,2026-09-12,18,shares,0,2026-09-30T21:16:09+00:00
2026-09-30,17980367396902015,metro-de-bh,t1:ano,reel,2026-09-12,18,total_interactions,0,2026-09-30T21:16:09+00:00
2026-09-30,17980367396902015,metro-de-bh,t1:ano,reel,2026-09-12,18,views,6,2026-09-30T21:16:09+00:00
2026-09-30,18002295893795529,metro-de-bh,quem-esta-em-queda,reel,2026-09-11,19,comments,0,2026-09-30T21:16:09+00:00
2026-09-30,18002295893795529,metro-de-bh,quem-esta-em-queda,reel,2026-09-11,19,ig_reels_avg_watch_time,4406,2026-09-30T21:16:09+00:00
2026-09-30,18002295893795529,metro-de-bh,quem-esta-em-queda,reel,2026-09-11,19,likes,0,2026-09-30T21:16:09+00:00
2026-09-30,18002295893795529,metro-de-bh,quem-esta-em-queda,reel,2026-09-11,19,reach,0,2026-09-30T21:16:09+00:00
2026-09-30,18002295893795529,metro-de-bh,quem-esta-em-queda,reel,2026-09-11,19,saved,0,2026-09-30T21:16:09+00:00
2026-09-30,18002295893795529,metro-de-bh,quem-esta-em-queda,reel,2026-09-11,19,shares,0,2026-09-30T21:16:09+00:00
2026-09-30,18002295893795529,metro-de-bh,quem-esta-em-queda,reel,2026-09-11,19,total_interactions,0,2026-09-30T21:16:09+00:00
2026-09-30,18002295893795529,metro-de-bh,quem-esta-em-queda,reel,2026-09-11,19,views,0,2026-09-30T21:16:09+00:00
2026-09-30,18093109655554507,metro-de-bh,padrao,reel,2026-09-08,22,comments,0,2026-09-30T21:16:09+00:00
2026-09-30,18093109655554507,metro-de-bh,padrao,reel,2026-09-08,22,ig_reels_avg_watch_time,16083,2026-09-30T21:16:09+00:00
2026-09-30,18093109655554507,metro-de-bh,padrao,reel,2026-09-08,22,likes,0,2026-09-30T21:16:09+00:00
2026-09-30,18093109655554507,metro-de-bh,padrao,reel,2026-09-08,22,reach,1,2026-09-30T21:16:09+00:00
2026-09-30,18093109655554507,metro-de-bh,padrao,reel,2026-09-08,22,saved,0,2026-09-30T21:16:09+00:00
2026-09-30,18093109655554507,metro-de-bh,padrao,reel,2026-09-08,22,shares,0,2026-09-30T21:16:09+00:00
2026-09-30,18093109655554507,metro-de-bh,padrao,reel,2026-09-08,22,total_interactions,0,2026-09-30T21:16:09+00:00
2026-09-30,18093109655554507,metro-de-bh,padrao,reel,2026-09-08,22,views,4,2026-09-30T21:16:09+00:00
2026-09-30,18095669867253904,metro-de-bh,quem-esta-subindo,reel,2026-09-15,15,comments,0,2026-09-30T21:16:09+00:00
2026-09-30,18095669867253904,metro-de-bh,quem-esta-subindo,reel,2026-09-15,15,ig_reels_avg_watch_time,14602,2026-09-30T21:16:09+00:00
2026-09-30,18095669867253904,metro-de-bh,quem-esta-subindo,reel,2026-09-15,15,likes,0,2026-09-30T21:16:09+00:00
2026-09-30,18095669867253904,metro-de-bh,quem-esta-subindo,reel,2026-09-15,15,reach,1,2026-09-30T21:16:09+00:00
2026-09-30,18095669867253904,metro-de-bh,quem-esta-subindo,reel,2026-09-15,15,saved,0,2026-09-30T21:16:09+00:00
2026-09-30,18095669867253904,metro-de-bh,quem-esta-subindo,reel,2026-09-15,15,shares,0,2026-09-30T21:16:09+00:00
2026-09-30,18095669867253904,metro-de-bh,quem-esta-subindo,reel,2026-09-15,15,total_interactions,0,2026-09-30T21:16:09+00:00
2026-09-30,18095669867253904,metro-de-bh,quem-esta-subindo,reel,2026-09-15,15,views,3,2026-09-30T21:16:09+00:00
2026-09-30,18110686535327913,metro-de-bh,t1:mensal,reel,2026-09-11,19,comments,0,2026-09-30T21:16:09+00:00
2026-09-30,18110686535327913,metro-de-bh,t1:mensal,reel,2026-09-11,19,ig_reels_avg_watch_time,19823,2026-09-30T21:16:09+00:00
2026-09-30,18110686535327913,metro-de-bh,t1:mensal,reel,2026-09-11,19,likes,0,2026-09-30T21:16:09+00:00
2026-09-30,18110686535327913,metro-de-bh,t1:mensal,reel,2026-09-11,19,reach,0,2026-09-30T21:16:09+00:00
2026-09-30,18110686535327913,metro-de-bh,t1:mensal,reel,2026-09-11,19,saved,0,2026-09-30T21:16:09+00:00
2026-09-30,18110686535327913,metro-de-bh,t1:mensal,reel,2026-09-11,19,shares,0,2026-09-30T21:16:09+00:00
2026-09-30,18110686535327913,metro-de-bh,t1:mensal,reel,2026-09-11,19,total_interactions,0,2026-09-30T21:16:09+00:00
2026-09-30,18110686535327913,metro-de-bh,t1:mensal,reel,2026-09-11,19,views,0,2026-09-30T21:16:09+00:00
2026-09-30,18111726197008625,metro-de-bh,o-topo-e-a-base,reel,2026-09-10,19,comments,0,2026-09-30T21:16:09+00:00
2026-09-30,18111726197008625,metro-de-bh,o-topo-e-a-base,reel,2026-09-10,19,ig_reels_avg_watch_time,8236,2026-09-30T21:16:09+00:00
2026-09-30,18111726197008625,metro-de-bh,o-topo-e-a-base,reel,2026-09-10,19,likes,0,2026-09-30T21:16:09+00:00
2026-09-30,18111726197008625,metro-de-bh,o-topo-e-a-base,reel,2026-09-10,19,reach,0,2026-09-30T21:16:09+00:00
2026-09-30,18111726197008625,metro-de-bh,o-topo-e-a-base,reel,2026-09-10,19,saved,0,2026-09-30T21:16:09+00:00
2026-09-30,18111726197008625,metro-de-bh,o-topo-e-a-base,reel,2026-09-10,19,shares,0,2026-09-30T21:16:09+00:00
2026-09-30,18111726197008625,metro-de-bh,o-topo-e-a-base,reel,2026-09-10,19,total_interactions,0,2026-09-30T21:16:09+00:00
2026-09-30,18111726197008625,metro-de-bh,o-topo-e-a-base,reel,2026-09-10,19,views,0,2026-09-30T21:16:09+00:00
2026-09-30,18142362877585635,metro-de-bh,t1:doze_meses,reel,2026-09-12,18,comments,0,2026-09-30T21:16:09+00:00
2026-09-30,18142362877585635,metro-de-bh,t1:doze_meses,reel,2026-09-12,18,ig_reels_avg_watch_time,4514,2026-09-30T21:16:09+00:00
2026-09-30,18142362877585635,metro-de-bh,t1:doze_meses,reel,2026-09-12,18,likes,0,2026-09-30T21:16:09+00:00
2026-09-30,18142362877585635,metro-de-bh,t1:doze_meses,reel,2026-09-12,18,reach,74,2026-09-30T21:16:09+00:00
2026-09-30,18142362877585635,metro-de-bh,t1:doze_meses,reel,2026-09-12,18,saved,0,2026-09-30T21:16:09+00:00
2026-09-30,18142362877585635,metro-de-bh,t1:doze_meses,reel,2026-09-12,18,shares,0,2026-09-30T21:16:09+00:00
2026-09-30,18142362877585635,metro-de-bh,t1:doze_meses,reel,2026-09-12,18,total_interactions,0,2026-09-30T21:16:09+00:00
2026-09-30,18142362877585635,metro-de-bh,t1:doze_meses,reel,2026-09-12,18,views,81,2026-09-30T21:16:09+00:00
2026-10-01,17864705919678698,metro-de-bh,t1:ano,reel,2026-10-01,0,comments,0,2026-10-01T21:15:58+00:00
2026-10-01,17864705919678698,metro-de-bh,t1:ano,reel,2026-10-01,0,ig_reels_avg_watch_time,57658,2026-10-01T21:15:58+00:00
2026-10-01,17864705919678698,metro-de-bh,t1:ano,reel,2026-10-01,0,likes,0,2026-10-01T21:15:58+00:00
2026-10-01,17864705919678698,metro-de-bh,t1:ano,reel,2026-10-01,0,reach,2,2026-10-01T21:15:58+00:00
2026-10-01,17864705919678698,metro-de-bh,t1:ano,reel,2026-10-01,0,saved,0,2026-10-01T21:15:58+00:00
2026-10-01,17864705919678698,metro-de-bh,t1:ano,reel,2026-10-01,0,shares,0,2026-10-01T21:15:58+00:00
2026-10-01,17864705919678698,metro-de-bh,t1:ano,reel,2026-10-01,0,total_interactions,0,2026-10-01T21:15:58+00:00
2026-10-01,17864705919678698,metro-de-bh,t1:ano,reel,2026-10-01,0,views,1,2026-10-01T21:15:58+00:00
2026-10-01,17895393021392219,metro-de-bh,os-tres-horizontes,reel,2026-09-09,22,comments,0,2026-10-01T21:15:58+00:00
2026-10-01,17895393021392219,metro-de-bh,os-tres-horizontes,reel,2026-09-09,22,ig_reels_avg_watch_time,2439,2026-10-01T21:15:58+00:00
2026-10-01,17895393021392219,metro-de-bh,os-tres-horizontes,reel,2026-09-09,22,likes,1,2026-10-01T21:15:58+00:00
2026-10-01,17895393021392219,metro-de-bh,os-tres-horizontes,reel,2026-09-09,22,reach,45,2026-10-01T21:15:58+00:00
2026-10-01,17895393021392219,metro-de-bh,os-tres-horizontes,reel,2026-09-09,22,saved,0,2026-10-01T21:15:58+00:00
2026-10-01,17895393021392219,metro-de-bh,os-tres-horizontes,reel,2026-09-09,22,shares,0,2026-10-01T21:15:58+00:00
2026-10-01,17895393021392219,metro-de-bh,os-tres-horizontes,reel,2026-09-09,22,total_interactions,1,2026-10-01T21:15:58+00:00
2026-10-01,17895393021392219,metro-de-bh,os-tres-horizontes,reel,2026-09-09,22,views,49,2026-10-01T21:15:58+00:00
2026-10-01,17901857445354820,metro-de-bh,contra-a-inflacao,reel,2026-09-08,23,comments,0,2026-10-01T21:15:58+00:00
2026-10-01,17901857445354820,metro-de-bh,contra-a-inflacao,reel,2026-09-08,23,ig_reels_avg_watch_time,7724,2026-10-01T21:15:58+00:00
2026-10-01,17901857445354820,metro-de-bh,contra-a-inflacao,reel,2026-09-08,23,likes,0,2026-10-01T21:15:58+00:00
2026-10-01,17901857445354820,metro-de-bh,contra-a-inflacao,reel,2026-09-08,23,reach,1,2026-10-01T21:15:58+00:00
2026-10-01,17901857445354820,metro-de-bh,contra-a-inflacao,reel,2026-09-08,23,saved,0,2026-10-01T21:15:58+00:00
2026-10-01,17901857445354820,metro-de-bh,contra-a-inflacao,reel,2026-09-08,23,shares,0,2026-10-01T21:15:58+00:00
2026-10-01,17901857445354820,metro-de-bh,contra-a-inflacao,reel,2026-09-08,23,total_interactions,0,2026-10-01T21:15:58+00:00
2026-10-01,17901857445354820,metro-de-bh,contra-a-inflacao,reel,2026-09-08,23,views,1,2026-10-01T21:15:58+00:00
2026-10-01,17980367396902015,metro-de-bh,t1:ano,reel,2026-09-12,19,comments,0,2026-10-01T21:15:58+00:00
2026-10-01,17980367396902015,metro-de-bh,t1:ano,reel,2026-09-12,19,ig_reels_avg_watch_time,5349,2026-10-01T21:15:58+00:00
2026-10-01,17980367396902015,metro-de-bh,t1:ano,reel,2026-09-12,19,likes,0,2026-10-01T21:15:58+00:00
2026-10-01,17980367396902015,metro-de-bh,t1:ano,reel,2026-09-12,19,reach,6,2026-10-01T21:15:58+00:00
2026-10-01,17980367396902015,metro-de-bh,t1:ano,reel,2026-09-12,19,saved,0,2026-10-01T21:15:58+00:00
2026-10-01,17980367396902015,metro-de-bh,t1:ano,reel,2026-09-12,19,shares,0,2026-10-01T21:15:58+00:00
2026-10-01,17980367396902015,metro-de-bh,t1:ano,reel,2026-09-12,19,total_interactions,0,2026-10-01T21:15:58+00:00
2026-10-01,17980367396902015,metro-de-bh,t1:ano,reel,2026-09-12,19,views,6,2026-10-01T21:15:58+00:00
2026-10-01,18002295893795529,metro-de-bh,quem-esta-em-queda,reel,2026-09-11,20,comments,0,2026-10-01T21:15:58+00:00
2026-10-01,18002295893795529,metro-de-bh,quem-esta-em-queda,reel,2026-09-11,20,ig_reels_avg_watch_time,4406,2026-10-01T21:15:58+00:00
2026-10-01,18002295893795529,metro-de-bh,quem-esta-em-queda,reel,2026-09-11,20,likes,0,2026-10-01T21:15:58+00:00
2026-10-01,18002295893795529,metro-de-bh,quem-esta-em-queda,reel,2026-09-11,20,reach,0,2026-10-01T21:15:58+00:00
2026-10-01,18002295893795529,metro-de-bh,quem-esta-em-queda,reel,2026-09-11,20,saved,0,2026-10-01T21:15:58+00:00
2026-10-01,18002295893795529,metro-de-bh,quem-esta-em-queda,reel,2026-09-11,20,shares,0,2026-10-01T21:15:58+00:00
2026-10-01,18002295893795529,metro-de-bh,quem-esta-em-queda,reel,2026-09-11,20,total_interactions,0,2026-10-01T21:15:58+00:00
2026-10-01,18002295893795529,metro-de-bh,quem-esta-em-queda,reel,2026-09-11,20,views,0,2026-10-01T21:15:58+00:00
2026-10-01,18093109655554507,metro-de-bh,padrao,reel,2026-09-08,23,comments,0,2026-10-01T21:15:58+00:00
2026-10-01,18093109655554507,metro-de-bh,padrao,reel,2026-09-08,23,ig_reels_avg_watch_time,16083,2026-10-01T21:15:58+00:00
2026-10-01,18093109655554507,metro-de-bh,padrao,reel,2026-09-08,23,likes,0,2026-10-01T21:15:58+00:00
2026-10-01,18093109655554507,metro-de-bh,padrao,reel,2026-09-08,23,reach,1,2026-10-01T21:15:58+00:00
2026-10-01,18093109655554507,metro-de-bh,padrao,reel,2026-09-08,23,saved,0,2026-10-01T21:15:58+00:00
2026-10-01,18093109655554507,metro-de-bh,padrao,reel,2026-09-08,23,shares,0,2026-10-01T21:15:58+00:00
2026-10-01,18093109655554507,metro-de-bh,padrao,reel,2026-09-08,23,total_interactions,0,2026-10-01T21:15:58+00:00
2026-10-01,18093109655554507,metro-de-bh,padrao,reel,2026-09-08,23,views,4,2026-10-01T21:15:58+00:00
2026-10-01,18095669867253904,metro-de-bh,quem-esta-subindo,reel,2026-09-15,16,comments,0,2026-10-01T21:15:58+00:00
2026-10-01,18095669867253904,metro-de-bh,quem-esta-subindo,reel,2026-09-15,16,ig_reels_avg_watch_time,14602,2026-10-01T21:15:58+00:00
2026-10-01,18095669867253904,metro-de-bh,quem-esta-subindo,reel,2026-09-15,16,likes,0,2026-10-01T21:15:58+00:00
2026-10-01,18095669867253904,metro-de-bh,quem-esta-subindo,reel,2026-09-15,16,reach,1,2026-10-01T21:15:58+00:00
2026-10-01,18095669867253904,metro-de-bh,quem-esta-subindo,reel,2026-09-15,16,saved,0,2026-10-01T21:15:58+00:00
2026-10-01,18095669867253904,metro-de-bh,quem-esta-subindo,reel,2026-09-15,16,shares,0,2026-10-01T21:15:58+00:00
2026-10-01,18095669867253904,metro-de-bh,quem-esta-subindo,reel,2026-09-15,16,total_interactions,0,2026-10-01T21:15:58+00:00
2026-10-01,18095669867253904,metro-de-bh,quem-esta-subindo,reel,2026-09-15,16,views,3,2026-10-01T21:15:58+00:00
2026-10-01,18110686535327913,metro-de-bh,t1:mensal,reel,2026-09-11,20,comments,0,2026-10-01T21:15:58+00:00
2026-10-01,18110686535327913,metro-de-bh,t1:mensal,reel,2026-09-11,20,ig_reels_avg_watch_time,19823,2026-10-01T21:15:58+00:00
2026-10-01,18110686535327913,metro-de-bh,t1:mensal,reel,2026-09-11,20,likes,0,2026-10-01T21:15:58+00:00
2026-10-01,18110686535327913,metro-de-bh,t1:mensal,reel,2026-09-11,20,reach,0,2026-10-01T21:15:58+00:00
2026-10-01,18110686535327913,metro-de-bh,t1:mensal,reel,2026-09-11,20,saved,0,2026-10-01T21:15:58+00:00
2026-10-01,18110686535327913,metro-de-bh,t1:mensal,reel,2026-09-11,20,shares,0,2026-10-01T21:15:58+00:00
2026-10-01,18110686535327913,metro-de-bh,t1:mensal,reel,2026-09-11,20,total_interactions,0,2026-10-01T21:15:58+00:00
2026-10-01,18110686535327913,metro-de-bh,t1:mensal,reel,2026-09-11,20,views,0,2026-10-01T21:15:58+00:00
2026-10-01,18111726197008625,metro-de-bh,o-topo-e-a-base,reel,2026-09-10,20,comments,0,2026-10-01T21:15:58+00:00
2026-10-01,18111726197008625,metro-de-bh,o-topo-e-a-base,reel,2026-09-10,20,ig_reels_avg_watch_time,8236,2026-10-01T21:15:58+00:00
2026-10-01,18111726197008625,metro-de-bh,o-topo-e-a-base,reel,2026-09-10,20,likes,0,2026-10-01T21:15:58+00:00
2026-10-01,18111726197008625,metro-de-bh,o-topo-e-a-base,reel,2026-09-10,20,reach,0,2026-10-01T21:15:58+00:00
2026-10-01,18111726197008625,metro-de-bh,o-topo-e-a-base,reel,2026-09-10,20,saved,0,2026-10-01T21:15:58+00:00
2026-10-01,18111726197008625,metro-de-bh,o-topo-e-a-base,reel,2026-09-10,20,shares,0,2026-10-01T21:15:58+00:00
2026-10-01,18111726197008625,metro-de-bh,o-topo-e-a-base,reel,2026-09-10,20,total_interactions,0,2026-10-01T21:15:58+00:00
2026-10-01,18111726197008625,metro-de-bh,o-topo-e-a-base,reel,2026-09-10,20,views,0,2026-10-01T21:15:58+00:00
2026-10-01,18124215602486733,metro-de-bh,t1:mensal,reel,2026-10-01,0,comments,0,2026-10-01T21:15:58+00:00
2026-10-01,18124215602486733,metro-de-bh,t1:mensal,reel,2026-10-01,0,ig_reels_avg_watch_time,59371,2026-10-01T21:15:58+00:00
2026-10-01,18124215602486733,metro-de-bh,t1:mensal,reel,2026-10-01,0,likes,0,2026-10-01T21:15:58+00:00
2026-10-01,18124215602486733,metro-de-bh,t1:mensal,reel,2026-10-01,0,reach,1,2026-10-01T21:15:58+00:00
2026-10-01,18124215602486733,metro-de-bh,t1:mensal,reel,2026-10-01,0,saved,0,2026-10-01T21:15:58+00:00
2026-10-01,18124215602486733,metro-de-bh,t1:mensal,reel,2026-10-01,0,shares,0,2026-10-01T21:15:58+00:00
2026-10-01,18124215602486733,metro-de-bh,t1:mensal,reel,2026-10-01,0,total_interactions,0,2026-10-01T21:15:58+00:00
2026-10-01,18124215602486733,metro-de-bh,t1:mensal,reel,2026-10-01,0,views,2,2026-10-01T21:15:58+00:00
2026-10-01,18142213657593366,metro-de-bh,panorama-do-mes,reel,2026-10-01,0,comments,0,2026-10-01T21:15:58+00:00
2026-10-01,18142213657593366,metro-de-bh,panorama-do-mes,reel,2026-10-01,0,ig_reels_avg_watch_time,1521,2026-10-01T21:15:58+00:00
2026-10-01,18142213657593366,metro-de-bh,panorama-do-mes,reel,2026-10-01,0,likes,0,2026-10-01T21:15:58+00:00
2026-10-01,18142213657593366,metro-de-bh,panorama-do-mes,reel,2026-10-01,0,reach,1,2026-10-01T21:15:58+00:00
2026-10-01,18142213657593366,metro-de-bh,panorama-do-mes,reel,2026-10-01,0,saved,0,2026-10-01T21:15:58+00:00
2026-10-01,18142213657593366,metro-de-bh,panorama-do-mes,reel,2026-10-01,0,shares,0,2026-10-01T21:15:58+00:00
2026-10-01,18142213657593366,metro-de-bh,panorama-do-mes,reel,2026-10-01,0,total_interactions,0,2026-10-01T21:15:58+00:00
2026-10-01,18142213657593366,metro-de-bh,panorama-do-mes,reel,2026-10-01,0,views,2,2026-10-01T21:15:58+00:00
2026-10-01,18142362877585635,metro-de-bh,t1:doze_meses,reel,2026-09-12,19,comments,0,2026-10-01T21:15:58+00:00
2026-10-01,18142362877585635,metro-de-bh,t1:doze_meses,reel,2026-09-12,19,ig_reels_avg_watch_time,4514,2026-10-01T21:15:58+00:00
2026-10-01,18142362877585635,metro-de-bh,t1:doze_meses,reel,2026-09-12,19,likes,0,2026-10-01T21:15:58+00:00
2026-10-01,18142362877585635,metro-de-bh,t1:doze_meses,reel,2026-09-12,19,reach,74,2026-10-01T21:15:58+00:00
2026-10-01,18142362877585635,metro-de-bh,t1:doze_meses,reel,2026-09-12,19,saved,0,2026-10-01T21:15:58+00:00
2026-10-01,18142362877585635,metro-de-bh,t1:doze_meses,reel,2026-09-12,19,shares,0,2026-10-01T21:15:58+00:00
2026-10-01,18142362877585635,metro-de-bh,t1:doze_meses,reel,2026-09-12,19,total_interactions,0,2026-10-01T21:15:58+00:00
2026-10-01,18142362877585635,metro-de-bh,t1:doze_meses,reel,2026-09-12,19,views,81,2026-10-01T21:15:58+00:00
2026-10-01,18204927967375541,metro-de-bh,t1:doze_meses,reel,2026-10-01,0,comments,0,2026-10-01T21:15:58+00:00
2026-10-01,18204927967375541,metro-de-bh,t1:doze_meses,reel,2026-10-01,0,ig_reels_avg_watch_time,10886,2026-10-01T21:15:58+00:00
2026-10-01,18204927967375541,metro-de-bh,t1:doze_meses,reel,2026-10-01,0,likes,0,2026-10-01T21:15:58+00:00
2026-10-01,18204927967375541,metro-de-bh,t1:doze_meses,reel,2026-10-01,0,reach,3,2026-10-01T21:15:58+00:00
2026-10-01,18204927967375541,metro-de-bh,t1:doze_meses,reel,2026-10-01,0,saved,0,2026-10-01T21:15:58+00:00
2026-10-01,18204927967375541,metro-de-bh,t1:doze_meses,reel,2026-10-01,0,shares,0,2026-10-01T21:15:58+00:00
2026-10-01,18204927967375541,metro-de-bh,t1:doze_meses,reel,2026-10-01,0,total_interactions,0,2026-10-01T21:15:58+00:00
2026-10-01,18204927967375541,metro-de-bh,t1:doze_meses,reel,2026-10-01,0,views,4,2026-10-01T21:15:58+00:00
2026-10-02,17864705919678698,metro-de-bh,t1:ano,reel,2026-10-01,1,comments,0,2026-10-02T21:15:46+00:00
2026-10-02,17864705919678698,metro-de-bh,t1:ano,reel,2026-10-01,1,ig_reels_avg_watch_time,13026,2026-10-02T21:15:46+00:00
2026-10-02,17864705919678698,metro-de-bh,t1:ano,reel,2026-10-01,1,likes,0,2026-10-02T21:15:46+00:00
2026-10-02,17864705919678698,metro-de-bh,t1:ano,reel,2026-10-01,1,reach,8,2026-10-02T21:15:46+00:00
2026-10-02,17864705919678698,metro-de-bh,t1:ano,reel,2026-10-01,1,saved,0,2026-10-02T21:15:46+00:00
2026-10-02,17864705919678698,metro-de-bh,t1:ano,reel,2026-10-01,1,shares,0,2026-10-02T21:15:46+00:00
2026-10-02,17864705919678698,metro-de-bh,t1:ano,reel,2026-10-01,1,total_interactions,0,2026-10-02T21:15:46+00:00
2026-10-02,17864705919678698,metro-de-bh,t1:ano,reel,2026-10-01,1,views,7,2026-10-02T21:15:46+00:00
2026-10-02,17895393021392219,metro-de-bh,os-tres-horizontes,reel,2026-09-09,23,comments,0,2026-10-02T21:15:46+00:00
2026-10-02,17895393021392219,metro-de-bh,os-tres-horizontes,reel,2026-09-09,23,ig_reels_avg_watch_time,2439,2026-10-02T21:15:46+00:00
2026-10-02,17895393021392219,metro-de-bh,os-tres-horizontes,reel,2026-09-09,23,likes,1,2026-10-02T21:15:46+00:00
2026-10-02,17895393021392219,metro-de-bh,os-tres-horizontes,reel,2026-09-09,23,reach,45,2026-10-02T21:15:46+00:00
2026-10-02,17895393021392219,metro-de-bh,os-tres-horizontes,reel,2026-09-09,23,saved,0,2026-10-02T21:15:46+00:00
2026-10-02,17895393021392219,metro-de-bh,os-tres-horizontes,reel,2026-09-09,23,shares,0,2026-10-02T21:15:46+00:00
2026-10-02,17895393021392219,metro-de-bh,os-tres-horizontes,reel,2026-09-09,23,total_interactions,1,2026-10-02T21:15:46+00:00
2026-10-02,17895393021392219,metro-de-bh,os-tres-horizontes,reel,2026-09-09,23,views,49,2026-10-02T21:15:46+00:00
2026-10-02,17901857445354820,metro-de-bh,contra-a-inflacao,reel,2026-09-08,24,comments,0,2026-10-02T21:15:46+00:00
2026-10-02,17901857445354820,metro-de-bh,contra-a-inflacao,reel,2026-09-08,24,ig_reels_avg_watch_time,7724,2026-10-02T21:15:46+00:00
2026-10-02,17901857445354820,metro-de-bh,contra-a-inflacao,reel,2026-09-08,24,likes,0,2026-10-02T21:15:46+00:00
2026-10-02,17901857445354820,metro-de-bh,contra-a-inflacao,reel,2026-09-08,24,reach,1,2026-10-02T21:15:46+00:00
2026-10-02,17901857445354820,metro-de-bh,contra-a-inflacao,reel,2026-09-08,24,saved,0,2026-10-02T21:15:46+00:00
2026-10-02,17901857445354820,metro-de-bh,contra-a-inflacao,reel,2026-09-08,24,shares,0,2026-10-02T21:15:46+00:00
2026-10-02,17901857445354820,metro-de-bh,contra-a-inflacao,reel,2026-09-08,24,total_interactions,0,2026-10-02T21:15:46+00:00
2026-10-02,17901857445354820,metro-de-bh,contra-a-inflacao,reel,2026-09-08,24,views,1,2026-10-02T21:15:46+00:00
2026-10-02,17980367396902015,metro-de-bh,t1:ano,reel,2026-09-12,20,comments,0,2026-10-02T21:15:46+00:00
2026-10-02,17980367396902015,metro-de-bh,t1:ano,reel,2026-09-12,20,ig_reels_avg_watch_time,5349,2026-10-02T21:15:46+00:00
2026-10-02,17980367396902015,metro-de-bh,t1:ano,reel,2026-09-12,20,likes,0,2026-10-02T21:15:46+00:00
2026-10-02,17980367396902015,metro-de-bh,t1:ano,reel,2026-09-12,20,reach,6,2026-10-02T21:15:46+00:00
2026-10-02,17980367396902015,metro-de-bh,t1:ano,reel,2026-09-12,20,saved,0,2026-10-02T21:15:46+00:00
2026-10-02,17980367396902015,metro-de-bh,t1:ano,reel,2026-09-12,20,shares,0,2026-10-02T21:15:46+00:00
2026-10-02,17980367396902015,metro-de-bh,t1:ano,reel,2026-09-12,20,total_interactions,0,2026-10-02T21:15:46+00:00
2026-10-02,17980367396902015,metro-de-bh,t1:ano,reel,2026-09-12,20,views,6,2026-10-02T21:15:46+00:00
2026-10-02,18002295893795529,metro-de-bh,quem-esta-em-queda,reel,2026-09-11,21,comments,0,2026-10-02T21:15:46+00:00
2026-10-02,18002295893795529,metro-de-bh,quem-esta-em-queda,reel,2026-09-11,21,ig_reels_avg_watch_time,4406,2026-10-02T21:15:46+00:00
2026-10-02,18002295893795529,metro-de-bh,quem-esta-em-queda,reel,2026-09-11,21,likes,0,2026-10-02T21:15:46+00:00
2026-10-02,18002295893795529,metro-de-bh,quem-esta-em-queda,reel,2026-09-11,21,reach,0,2026-10-02T21:15:46+00:00
2026-10-02,18002295893795529,metro-de-bh,quem-esta-em-queda,reel,2026-09-11,21,saved,0,2026-10-02T21:15:46+00:00
2026-10-02,18002295893795529,metro-de-bh,quem-esta-em-queda,reel,2026-09-11,21,shares,0,2026-10-02T21:15:46+00:00
2026-10-02,18002295893795529,metro-de-bh,quem-esta-em-queda,reel,2026-09-11,21,total_interactions,0,2026-10-02T21:15:46+00:00
2026-10-02,18002295893795529,metro-de-bh,quem-esta-em-queda,reel,2026-09-11,21,views,0,2026-10-02T21:15:46+00:00
2026-10-02,18093109655554507,metro-de-bh,padrao,reel,2026-09-08,24,comments,0,2026-10-02T21:15:46+00:00
2026-10-02,18093109655554507,metro-de-bh,padrao,reel,2026-09-08,24,ig_reels_avg_watch_time,16083,2026-10-02T21:15:46+00:00
2026-10-02,18093109655554507,metro-de-bh,padrao,reel,2026-09-08,24,likes,0,2026-10-02T21:15:46+00:00
2026-10-02,18093109655554507,metro-de-bh,padrao,reel,2026-09-08,24,reach,1,2026-10-02T21:15:46+00:00
2026-10-02,18093109655554507,metro-de-bh,padrao,reel,2026-09-08,24,saved,0,2026-10-02T21:15:46+00:00
2026-10-02,18093109655554507,metro-de-bh,padrao,reel,2026-09-08,24,shares,0,2026-10-02T21:15:46+00:00
2026-10-02,18093109655554507,metro-de-bh,padrao,reel,2026-09-08,24,total_interactions,0,2026-10-02T21:15:46+00:00
2026-10-02,18093109655554507,metro-de-bh,padrao,reel,2026-09-08,24,views,4,2026-10-02T21:15:46+00:00
2026-10-02,18095669867253904,metro-de-bh,quem-esta-subindo,reel,2026-09-15,17,comments,0,2026-10-02T21:15:46+00:00
2026-10-02,18095669867253904,metro-de-bh,quem-esta-subindo,reel,2026-09-15,17,ig_reels_avg_watch_time,14602,2026-10-02T21:15:46+00:00
2026-10-02,18095669867253904,metro-de-bh,quem-esta-subindo,reel,2026-09-15,17,likes,0,2026-10-02T21:15:46+00:00
2026-10-02,18095669867253904,metro-de-bh,quem-esta-subindo,reel,2026-09-15,17,reach,1,2026-10-02T21:15:46+00:00
2026-10-02,18095669867253904,metro-de-bh,quem-esta-subindo,reel,2026-09-15,17,saved,0,2026-10-02T21:15:46+00:00
2026-10-02,18095669867253904,metro-de-bh,quem-esta-subindo,reel,2026-09-15,17,shares,0,2026-10-02T21:15:46+00:00
2026-10-02,18095669867253904,metro-de-bh,quem-esta-subindo,reel,2026-09-15,17,total_interactions,0,2026-10-02T21:15:46+00:00
2026-10-02,18095669867253904,metro-de-bh,quem-esta-subindo,reel,2026-09-15,17,views,3,2026-10-02T21:15:46+00:00
2026-10-02,18110686535327913,metro-de-bh,t1:mensal,reel,2026-09-11,21,comments,0,2026-10-02T21:15:46+00:00
2026-10-02,18110686535327913,metro-de-bh,t1:mensal,reel,2026-09-11,21,ig_reels_avg_watch_time,19823,2026-10-02T21:15:46+00:00
2026-10-02,18110686535327913,metro-de-bh,t1:mensal,reel,2026-09-11,21,likes,0,2026-10-02T21:15:46+00:00
2026-10-02,18110686535327913,metro-de-bh,t1:mensal,reel,2026-09-11,21,reach,0,2026-10-02T21:15:46+00:00
2026-10-02,18110686535327913,metro-de-bh,t1:mensal,reel,2026-09-11,21,saved,0,2026-10-02T21:15:46+00:00
2026-10-02,18110686535327913,metro-de-bh,t1:mensal,reel,2026-09-11,21,shares,0,2026-10-02T21:15:46+00:00
2026-10-02,18110686535327913,metro-de-bh,t1:mensal,reel,2026-09-11,21,total_interactions,0,2026-10-02T21:15:46+00:00
2026-10-02,18110686535327913,metro-de-bh,t1:mensal,reel,2026-09-11,21,views,0,2026-10-02T21:15:46+00:00
2026-10-02,18111083852272085,metro-de-bh,contra-a-inflacao,reel,2026-10-02,0,comments,0,2026-10-02T21:15:46+00:00
2026-10-02,18111083852272085,metro-de-bh,contra-a-inflacao,reel,2026-10-02,0,ig_reels_avg_watch_time,14810,2026-10-02T21:15:46+00:00
2026-10-02,18111083852272085,metro-de-bh,contra-a-inflacao,reel,2026-10-02,0,likes,0,2026-10-02T21:15:46+00:00
2026-10-02,18111083852272085,metro-de-bh,contra-a-inflacao,reel,2026-10-02,0,reach,1,2026-10-02T21:15:46+00:00
2026-10-02,18111083852272085,metro-de-bh,contra-a-inflacao,reel,2026-10-02,0,saved,0,2026-10-02T21:15:46+00:00
2026-10-02,18111083852272085,metro-de-bh,contra-a-inflacao,reel,2026-10-02,0,shares,0,2026-10-02T21:15:46+00:00
2026-10-02,18111083852272085,metro-de-bh,contra-a-inflacao,reel,2026-10-02,0,total_interactions,0,2026-10-02T21:15:46+00:00
2026-10-02,18111083852272085,metro-de-bh,contra-a-inflacao,reel,2026-10-02,0,views,2,2026-10-02T21:15:46+00:00
2026-10-02,18111726197008625,metro-de-bh,o-topo-e-a-base,reel,2026-09-10,21,comments,0,2026-10-02T21:15:46+00:00
2026-10-02,18111726197008625,metro-de-bh,o-topo-e-a-base,reel,2026-09-10,21,ig_reels_avg_watch_time,8236,2026-10-02T21:15:46+00:00
2026-10-02,18111726197008625,metro-de-bh,o-topo-e-a-base,reel,2026-09-10,21,likes,0,2026-10-02T21:15:46+00:00
2026-10-02,18111726197008625,metro-de-bh,o-topo-e-a-base,reel,2026-09-10,21,reach,0,2026-10-02T21:15:46+00:00
2026-10-02,18111726197008625,metro-de-bh,o-topo-e-a-base,reel,2026-09-10,21,saved,0,2026-10-02T21:15:46+00:00
2026-10-02,18111726197008625,metro-de-bh,o-topo-e-a-base,reel,2026-09-10,21,shares,0,2026-10-02T21:15:46+00:00
2026-10-02,18111726197008625,metro-de-bh,o-topo-e-a-base,reel,2026-09-10,21,total_interactions,0,2026-10-02T21:15:46+00:00
2026-10-02,18111726197008625,metro-de-bh,o-topo-e-a-base,reel,2026-09-10,21,views,0,2026-10-02T21:15:46+00:00
2026-10-02,18124215602486733,metro-de-bh,t1:mensal,reel,2026-10-01,1,comments,0,2026-10-02T21:15:46+00:00
2026-10-02,18124215602486733,metro-de-bh,t1:mensal,reel,2026-10-01,1,ig_reels_avg_watch_time,59371,2026-10-02T21:15:46+00:00
2026-10-02,18124215602486733,metro-de-bh,t1:mensal,reel,2026-10-01,1,likes,0,2026-10-02T21:15:46+00:00
2026-10-02,18124215602486733,metro-de-bh,t1:mensal,reel,2026-10-01,1,reach,1,2026-10-02T21:15:46+00:00
2026-10-02,18124215602486733,metro-de-bh,t1:mensal,reel,2026-10-01,1,saved,0,2026-10-02T21:15:46+00:00
2026-10-02,18124215602486733,metro-de-bh,t1:mensal,reel,2026-10-01,1,shares,0,2026-10-02T21:15:46+00:00
2026-10-02,18124215602486733,metro-de-bh,t1:mensal,reel,2026-10-01,1,total_interactions,0,2026-10-02T21:15:46+00:00
2026-10-02,18124215602486733,metro-de-bh,t1:mensal,reel,2026-10-01,1,views,2,2026-10-02T21:15:46+00:00
2026-10-02,18142213657593366,metro-de-bh,panorama-do-mes,reel,2026-10-01,1,comments,0,2026-10-02T21:15:46+00:00
2026-10-02,18142213657593366,metro-de-bh,panorama-do-mes,reel,2026-10-01,1,ig_reels_avg_watch_time,1156,2026-10-02T21:15:46+00:00
2026-10-02,18142213657593366,metro-de-bh,panorama-do-mes,reel,2026-10-01,1,likes,0,2026-10-02T21:15:46+00:00
2026-10-02,18142213657593366,metro-de-bh,panorama-do-mes,reel,2026-10-01,1,reach,2,2026-10-02T21:15:46+00:00
2026-10-02,18142213657593366,metro-de-bh,panorama-do-mes,reel,2026-10-01,1,saved,0,2026-10-02T21:15:46+00:00
2026-10-02,18142213657593366,metro-de-bh,panorama-do-mes,reel,2026-10-01,1,shares,0,2026-10-02T21:15:46+00:00
2026-10-02,18142213657593366,metro-de-bh,panorama-do-mes,reel,2026-10-01,1,total_interactions,0,2026-10-02T21:15:46+00:00
2026-10-02,18142213657593366,metro-de-bh,panorama-do-mes,reel,2026-10-01,1,views,3,2026-10-02T21:15:46+00:00
2026-10-02,18142362877585635,metro-de-bh,t1:doze_meses,reel,2026-09-12,20,comments,0,2026-10-02T21:15:46+00:00
2026-10-02,18142362877585635,metro-de-bh,t1:doze_meses,reel,2026-09-12,20,ig_reels_avg_watch_time,4514,2026-10-02T21:15:46+00:00
2026-10-02,18142362877585635,metro-de-bh,t1:doze_meses,reel,2026-09-12,20,likes,0,2026-10-02T21:15:46+00:00
2026-10-02,18142362877585635,metro-de-bh,t1:doze_meses,reel,2026-09-12,20,reach,74,2026-10-02T21:15:46+00:00
2026-10-02,18142362877585635,metro-de-bh,t1:doze_meses,reel,2026-09-12,20,saved,0,2026-10-02T21:15:46+00:00
2026-10-02,18142362877585635,metro-de-bh,t1:doze_meses,reel,2026-09-12,20,shares,0,2026-10-02T21:15:46+00:00
2026-10-02,18142362877585635,metro-de-bh,t1:doze_meses,reel,2026-09-12,20,total_interactions,0,2026-10-02T21:15:46+00:00
2026-10-02,18142362877585635,metro-de-bh,t1:doze_meses,reel,2026-09-12,20,views,81,2026-10-02T21:15:46+00:00
2026-10-02,18204927967375541,metro-de-bh,t1:doze_meses,reel,2026-10-01,1,comments,0,2026-10-02T21:15:46+00:00
2026-10-02,18204927967375541,metro-de-bh,t1:doze_meses,reel,2026-10-01,1,ig_reels_avg_watch_time,8357,2026-10-02T21:15:46+00:00
2026-10-02,18204927967375541,metro-de-bh,t1:doze_meses,reel,2026-10-01,1,likes,0,2026-10-02T21:15:46+00:00
2026-10-02,18204927967375541,metro-de-bh,t1:doze_meses,reel,2026-10-01,1,reach,4,2026-10-02T21:15:46+00:00
2026-10-02,18204927967375541,metro-de-bh,t1:doze_meses,reel,2026-10-01,1,saved,0,2026-10-02T21:15:46+00:00
2026-10-02,18204927967375541,metro-de-bh,t1:doze_meses,reel,2026-10-01,1,shares,0,2026-10-02T21:15:46+00:00
2026-10-02,18204927967375541,metro-de-bh,t1:doze_meses,reel,2026-10-01,1,total_interactions,0,2026-10-02T21:15:46+00:00
2026-10-02,18204927967375541,metro-de-bh,t1:doze_meses,reel,2026-10-01,1,views,5,2026-10-02T21:15:46+00:00
2026-10-04,17864705919678698,metro-de-bh,t1:ano,reel,2026-10-01,3,comments,0,2026-10-04T21:33:34+00:00
2026-10-04,17864705919678698,metro-de-bh,t1:ano,reel,2026-10-01,3,ig_reels_avg_watch_time,13026,2026-10-04T21:33:34+00:00
2026-10-04,17864705919678698,metro-de-bh,t1:ano,reel,2026-10-01,3,likes,0,2026-10-04T21:33:34+00:00
2026-10-04,17864705919678698,metro-de-bh,t1:ano,reel,2026-10-01,3,reach,8,2026-10-04T21:33:34+00:00
2026-10-04,17864705919678698,metro-de-bh,t1:ano,reel,2026-10-01,3,saved,0,2026-10-04T21:33:34+00:00
2026-10-04,17864705919678698,metro-de-bh,t1:ano,reel,2026-10-01,3,shares,0,2026-10-04T21:33:34+00:00
2026-10-04,17864705919678698,metro-de-bh,t1:ano,reel,2026-10-01,3,total_interactions,0,2026-10-04T21:33:34+00:00
2026-10-04,17864705919678698,metro-de-bh,t1:ano,reel,2026-10-01,3,views,7,2026-10-04T21:33:34+00:00
2026-10-04,17895393021392219,metro-de-bh,os-tres-horizontes,reel,2026-09-09,25,comments,0,2026-10-04T21:33:34+00:00
2026-10-04,17895393021392219,metro-de-bh,os-tres-horizontes,reel,2026-09-09,25,ig_reels_avg_watch_time,2439,2026-10-04T21:33:34+00:00
2026-10-04,17895393021392219,metro-de-bh,os-tres-horizontes,reel,2026-09-09,25,likes,1,2026-10-04T21:33:34+00:00
2026-10-04,17895393021392219,metro-de-bh,os-tres-horizontes,reel,2026-09-09,25,reach,45,2026-10-04T21:33:34+00:00
2026-10-04,17895393021392219,metro-de-bh,os-tres-horizontes,reel,2026-09-09,25,saved,0,2026-10-04T21:33:34+00:00
2026-10-04,17895393021392219,metro-de-bh,os-tres-horizontes,reel,2026-09-09,25,shares,0,2026-10-04T21:33:34+00:00
2026-10-04,17895393021392219,metro-de-bh,os-tres-horizontes,reel,2026-09-09,25,total_interactions,1,2026-10-04T21:33:34+00:00
2026-10-04,17895393021392219,metro-de-bh,os-tres-horizontes,reel,2026-09-09,25,views,49,2026-10-04T21:33:34+00:00
2026-10-04,17901857445354820,metro-de-bh,contra-a-inflacao,reel,2026-09-08,26,comments,0,2026-10-04T21:33:34+00:00
2026-10-04,17901857445354820,metro-de-bh,contra-a-inflacao,reel,2026-09-08,26,ig_reels_avg_watch_time,7724,2026-10-04T21:33:34+00:00
2026-10-04,17901857445354820,metro-de-bh,contra-a-inflacao,reel,2026-09-08,26,likes,0,2026-10-04T21:33:34+00:00
2026-10-04,17901857445354820,metro-de-bh,contra-a-inflacao,reel,2026-09-08,26,reach,1,2026-10-04T21:33:34+00:00
2026-10-04,17901857445354820,metro-de-bh,contra-a-inflacao,reel,2026-09-08,26,saved,0,2026-10-04T21:33:34+00:00
2026-10-04,17901857445354820,metro-de-bh,contra-a-inflacao,reel,2026-09-08,26,shares,0,2026-10-04T21:33:34+00:00
2026-10-04,17901857445354820,metro-de-bh,contra-a-inflacao,reel,2026-09-08,26,total_interactions,0,2026-10-04T21:33:34+00:00
2026-10-04,17901857445354820,metro-de-bh,contra-a-inflacao,reel,2026-09-08,26,views,1,2026-10-04T21:33:34+00:00
2026-10-04,17980367396902015,metro-de-bh,t1:ano,reel,2026-09-12,22,comments,0,2026-10-04T21:33:34+00:00
2026-10-04,17980367396902015,metro-de-bh,t1:ano,reel,2026-09-12,22,ig_reels_avg_watch_time,5349,2026-10-04T21:33:34+00:00
2026-10-04,17980367396902015,metro-de-bh,t1:ano,reel,2026-09-12,22,likes,0,2026-10-04T21:33:34+00:00
2026-10-04,17980367396902015,metro-de-bh,t1:ano,reel,2026-09-12,22,reach,6,2026-10-04T21:33:34+00:00
2026-10-04,17980367396902015,metro-de-bh,t1:ano,reel,2026-09-12,22,saved,0,2026-10-04T21:33:34+00:00
2026-10-04,17980367396902015,metro-de-bh,t1:ano,reel,2026-09-12,22,shares,0,2026-10-04T21:33:34+00:00
2026-10-04,17980367396902015,metro-de-bh,t1:ano,reel,2026-09-12,22,total_interactions,0,2026-10-04T21:33:34+00:00
2026-10-04,17980367396902015,metro-de-bh,t1:ano,reel,2026-09-12,22,views,6,2026-10-04T21:33:34+00:00
2026-10-04,18002295893795529,metro-de-bh,quem-esta-em-queda,reel,2026-09-11,23,comments,0,2026-10-04T21:33:34+00:00
2026-10-04,18002295893795529,metro-de-bh,quem-esta-em-queda,reel,2026-09-11,23,ig_reels_avg_watch_time,4406,2026-10-04T21:33:34+00:00
2026-10-04,18002295893795529,metro-de-bh,quem-esta-em-queda,reel,2026-09-11,23,likes,0,2026-10-04T21:33:34+00:00
2026-10-04,18002295893795529,metro-de-bh,quem-esta-em-queda,reel,2026-09-11,23,reach,0,2026-10-04T21:33:34+00:00
2026-10-04,18002295893795529,metro-de-bh,quem-esta-em-queda,reel,2026-09-11,23,saved,0,2026-10-04T21:33:34+00:00
2026-10-04,18002295893795529,metro-de-bh,quem-esta-em-queda,reel,2026-09-11,23,shares,0,2026-10-04T21:33:34+00:00
2026-10-04,18002295893795529,metro-de-bh,quem-esta-em-queda,reel,2026-09-11,23,total_interactions,0,2026-10-04T21:33:34+00:00
2026-10-04,18002295893795529,metro-de-bh,quem-esta-em-queda,reel,2026-09-11,23,views,0,2026-10-04T21:33:34+00:00
2026-10-04,18093109655554507,metro-de-bh,padrao,reel,2026-09-08,26,comments,0,2026-10-04T21:33:34+00:00
2026-10-04,18093109655554507,metro-de-bh,padrao,reel,2026-09-08,26,ig_reels_avg_watch_time,16083,2026-10-04T21:33:34+00:00
2026-10-04,18093109655554507,metro-de-bh,padrao,reel,2026-09-08,26,likes,0,2026-10-04T21:33:34+00:00
2026-10-04,18093109655554507,metro-de-bh,padrao,reel,2026-09-08,26,reach,2,2026-10-04T21:33:34+00:00
2026-10-04,18093109655554507,metro-de-bh,padrao,reel,2026-09-08,26,saved,0,2026-10-04T21:33:34+00:00
2026-10-04,18093109655554507,metro-de-bh,padrao,reel,2026-09-08,26,shares,0,2026-10-04T21:33:34+00:00
2026-10-04,18093109655554507,metro-de-bh,padrao,reel,2026-09-08,26,total_interactions,0,2026-10-04T21:33:34+00:00
2026-10-04,18093109655554507,metro-de-bh,padrao,reel,2026-09-08,26,views,4,2026-10-04T21:33:34+00:00
2026-10-04,18095669867253904,metro-de-bh,quem-esta-subindo,reel,2026-09-15,19,comments,0,2026-10-04T21:33:34+00:00
2026-10-04,18095669867253904,metro-de-bh,quem-esta-subindo,reel,2026-09-15,19,ig_reels_avg_watch_time,14602,2026-10-04T21:33:34+00:00
2026-10-04,18095669867253904,metro-de-bh,quem-esta-subindo,reel,2026-09-15,19,likes,0,2026-10-04T21:33:34+00:00
2026-10-04,18095669867253904,metro-de-bh,quem-esta-subindo,reel,2026-09-15,19,reach,1,2026-10-04T21:33:34+00:00
2026-10-04,18095669867253904,metro-de-bh,quem-esta-subindo,reel,2026-09-15,19,saved,0,2026-10-04T21:33:34+00:00
2026-10-04,18095669867253904,metro-de-bh,quem-esta-subindo,reel,2026-09-15,19,shares,0,2026-10-04T21:33:34+00:00
2026-10-04,18095669867253904,metro-de-bh,quem-esta-subindo,reel,2026-09-15,19,total_interactions,0,2026-10-04T21:33:34+00:00
2026-10-04,18095669867253904,metro-de-bh,quem-esta-subindo,reel,2026-09-15,19,views,3,2026-10-04T21:33:34+00:00
2026-10-04,18110686535327913,metro-de-bh,t1:mensal,reel,2026-09-11,23,comments,0,2026-10-04T21:33:34+00:00
2026-10-04,18110686535327913,metro-de-bh,t1:mensal,reel,2026-09-11,23,ig_reels_avg_watch_time,19823,2026-10-04T21:33:34+00:00
2026-10-04,18110686535327913,metro-de-bh,t1:mensal,reel,2026-09-11,23,likes,0,2026-10-04T21:33:34+00:00
2026-10-04,18110686535327913,metro-de-bh,t1:mensal,reel,2026-09-11,23,reach,0,2026-10-04T21:33:34+00:00
2026-10-04,18110686535327913,metro-de-bh,t1:mensal,reel,2026-09-11,23,saved,0,2026-10-04T21:33:34+00:00
2026-10-04,18110686535327913,metro-de-bh,t1:mensal,reel,2026-09-11,23,shares,0,2026-10-04T21:33:34+00:00
2026-10-04,18110686535327913,metro-de-bh,t1:mensal,reel,2026-09-11,23,total_interactions,0,2026-10-04T21:33:34+00:00
2026-10-04,18110686535327913,metro-de-bh,t1:mensal,reel,2026-09-11,23,views,0,2026-10-04T21:33:34+00:00
2026-10-04,18111083852272085,metro-de-bh,contra-a-inflacao,reel,2026-10-02,2,comments,0,2026-10-04T21:33:34+00:00
2026-10-04,18111083852272085,metro-de-bh,contra-a-inflacao,reel,2026-10-02,2,ig_reels_avg_watch_time,9544,2026-10-04T21:33:34+00:00
2026-10-04,18111083852272085,metro-de-bh,contra-a-inflacao,reel,2026-10-02,2,likes,0,2026-10-04T21:33:34+00:00
2026-10-04,18111083852272085,metro-de-bh,contra-a-inflacao,reel,2026-10-02,2,reach,2,2026-10-04T21:33:34+00:00
2026-10-04,18111083852272085,metro-de-bh,contra-a-inflacao,reel,2026-10-02,2,saved,0,2026-10-04T21:33:34+00:00
2026-10-04,18111083852272085,metro-de-bh,contra-a-inflacao,reel,2026-10-02,2,shares,0,2026-10-04T21:33:34+00:00
2026-10-04,18111083852272085,metro-de-bh,contra-a-inflacao,reel,2026-10-02,2,total_interactions,0,2026-10-04T21:33:34+00:00
2026-10-04,18111083852272085,metro-de-bh,contra-a-inflacao,reel,2026-10-02,2,views,3,2026-10-04T21:33:34+00:00
2026-10-04,18111726197008625,metro-de-bh,o-topo-e-a-base,reel,2026-09-10,23,comments,0,2026-10-04T21:33:34+00:00
2026-10-04,18111726197008625,metro-de-bh,o-topo-e-a-base,reel,2026-09-10,23,ig_reels_avg_watch_time,8236,2026-10-04T21:33:34+00:00
2026-10-04,18111726197008625,metro-de-bh,o-topo-e-a-base,reel,2026-09-10,23,likes,0,2026-10-04T21:33:34+00:00
2026-10-04,18111726197008625,metro-de-bh,o-topo-e-a-base,reel,2026-09-10,23,reach,0,2026-10-04T21:33:34+00:00
2026-10-04,18111726197008625,metro-de-bh,o-topo-e-a-base,reel,2026-09-10,23,saved,0,2026-10-04T21:33:34+00:00
2026-10-04,18111726197008625,metro-de-bh,o-topo-e-a-base,reel,2026-09-10,23,shares,0,2026-10-04T21:33:34+00:00
2026-10-04,18111726197008625,metro-de-bh,o-topo-e-a-base,reel,2026-09-10,23,total_interactions,0,2026-10-04T21:33:34+00:00
2026-10-04,18111726197008625,metro-de-bh,o-topo-e-a-base,reel,2026-09-10,23,views,0,2026-10-04T21:33:34+00:00
2026-10-04,18124215602486733,metro-de-bh,t1:mensal,reel,2026-10-01,3,comments,0,2026-10-04T21:33:34+00:00
2026-10-04,18124215602486733,metro-de-bh,t1:mensal,reel,2026-10-01,3,ig_reels_avg_watch_time,59371,2026-10-04T21:33:34+00:00
2026-10-04,18124215602486733,metro-de-bh,t1:mensal,reel,2026-10-01,3,likes,0,2026-10-04T21:33:34+00:00
2026-10-04,18124215602486733,metro-de-bh,t1:mensal,reel,2026-10-01,3,reach,1,2026-10-04T21:33:34+00:00
2026-10-04,18124215602486733,metro-de-bh,t1:mensal,reel,2026-10-01,3,saved,0,2026-10-04T21:33:34+00:00
2026-10-04,18124215602486733,metro-de-bh,t1:mensal,reel,2026-10-01,3,shares,0,2026-10-04T21:33:34+00:00
2026-10-04,18124215602486733,metro-de-bh,t1:mensal,reel,2026-10-01,3,total_interactions,0,2026-10-04T21:33:34+00:00
2026-10-04,18124215602486733,metro-de-bh,t1:mensal,reel,2026-10-01,3,views,2,2026-10-04T21:33:34+00:00
2026-10-04,18142213657593366,metro-de-bh,panorama-do-mes,reel,2026-10-01,3,comments,0,2026-10-04T21:33:34+00:00
2026-10-04,18142213657593366,metro-de-bh,panorama-do-mes,reel,2026-10-01,3,ig_reels_avg_watch_time,1156,2026-10-04T21:33:34+00:00
2026-10-04,18142213657593366,metro-de-bh,panorama-do-mes,reel,2026-10-01,3,likes,0,2026-10-04T21:33:34+00:00
2026-10-04,18142213657593366,metro-de-bh,panorama-do-mes,reel,2026-10-01,3,reach,2,2026-10-04T21:33:34+00:00
2026-10-04,18142213657593366,metro-de-bh,panorama-do-mes,reel,2026-10-01,3,saved,0,2026-10-04T21:33:34+00:00
2026-10-04,18142213657593366,metro-de-bh,panorama-do-mes,reel,2026-10-01,3,shares,0,2026-10-04T21:33:34+00:00
2026-10-04,18142213657593366,metro-de-bh,panorama-do-mes,reel,2026-10-01,3,total_interactions,0,2026-10-04T21:33:34+00:00
2026-10-04,18142213657593366,metro-de-bh,panorama-do-mes,reel,2026-10-01,3,views,3,2026-10-04T21:33:34+00:00
2026-10-04,18142362877585635,metro-de-bh,t1:doze_meses,reel,2026-09-12,22,comments,0,2026-10-04T21:33:34+00:00
2026-10-04,18142362877585635,metro-de-bh,t1:doze_meses,reel,2026-09-12,22,ig_reels_avg_watch_time,4514,2026-10-04T21:33:34+00:00
2026-10-04,18142362877585635,metro-de-bh,t1:doze_meses,reel,2026-09-12,22,likes,0,2026-10-04T21:33:34+00:00
2026-10-04,18142362877585635,metro-de-bh,t1:doze_meses,reel,2026-09-12,22,reach,74,2026-10-04T21:33:34+00:00
2026-10-04,18142362877585635,metro-de-bh,t1:doze_meses,reel,2026-09-12,22,saved,0,2026-10-04T21:33:34+00:00
2026-10-04,18142362877585635,metro-de-bh,t1:doze_meses,reel,2026-09-12,22,shares,0,2026-10-04T21:33:34+00:00
2026-10-04,18142362877585635,metro-de-bh,t1:doze_meses,reel,2026-09-12,22,total_interactions,0,2026-10-04T21:33:34+00:00
2026-10-04,18142362877585635,metro-de-bh,t1:doze_meses,reel,2026-09-12,22,views,81,2026-10-04T21:33:34+00:00
2026-10-04,18204927967375541,metro-de-bh,t1:doze_meses,reel,2026-10-01,3,comments,0,2026-10-04T21:33:34+00:00
2026-10-04,18204927967375541,metro-de-bh,t1:doze_meses,reel,2026-10-01,3,ig_reels_avg_watch_time,8357,2026-10-04T21:33:34+00:00
2026-10-04,18204927967375541,metro-de-bh,t1:doze_meses,reel,2026-10-01,3,likes,0,2026-10-04T21:33:34+00:00
2026-10-04,18204927967375541,metro-de-bh,t1:doze_meses,reel,2026-10-01,3,reach,5,2026-10-04T21:33:34+00:00
2026-10-04,18204927967375541,metro-de-bh,t1:doze_meses,reel,2026-10-01,3,saved,0,2026-10-04T21:33:34+00:00
2026-10-04,18204927967375541,metro-de-bh,t1:doze_meses,reel,2026-10-01,3,shares,0,2026-10-04T21:33:34+00:00
2026-10-04,18204927967375541,metro-de-bh,t1:doze_meses,reel,2026-10-01,3,total_interactions,0,2026-10-04T21:33:34+00:00
2026-10-04,18204927967375541,metro-de-bh,t1:doze_meses,reel,2026-10-01,3,views,5,2026-10-04T21:33:34+00:00
2026-10-06,17864705919678698,metro-de-bh,t1:ano,reel,2026-10-01,5,comments,0,2026-10-06T21:19:52+00:00
2026-10-06,17864705919678698,metro-de-bh,t1:ano,reel,2026-10-01,5,ig_reels_avg_watch_time,13026,2026-10-06T21:19:52+00:00
2026-10-06,17864705919678698,metro-de-bh,t1:ano,reel,2026-10-01,5,likes,0,2026-10-06T21:19:52+00:00
2026-10-06,17864705919678698,metro-de-bh,t1:ano,reel,2026-10-01,5,reach,8,2026-10-06T21:19:52+00:00
2026-10-06,17864705919678698,metro-de-bh,t1:ano,reel,2026-10-01,5,saved,0,2026-10-06T21:19:52+00:00
2026-10-06,17864705919678698,metro-de-bh,t1:ano,reel,2026-10-01,5,shares,0,2026-10-06T21:19:52+00:00
2026-10-06,17864705919678698,metro-de-bh,t1:ano,reel,2026-10-01,5,total_interactions,0,2026-10-06T21:19:52+00:00
2026-10-06,17864705919678698,metro-de-bh,t1:ano,reel,2026-10-01,5,views,7,2026-10-06T21:19:52+00:00
2026-10-06,17895393021392219,metro-de-bh,os-tres-horizontes,reel,2026-09-09,27,comments,0,2026-10-06T21:19:52+00:00
2026-10-06,17895393021392219,metro-de-bh,os-tres-horizontes,reel,2026-09-09,27,ig_reels_avg_watch_time,2439,2026-10-06T21:19:52+00:00
2026-10-06,17895393021392219,metro-de-bh,os-tres-horizontes,reel,2026-09-09,27,likes,1,2026-10-06T21:19:52+00:00
2026-10-06,17895393021392219,metro-de-bh,os-tres-horizontes,reel,2026-09-09,27,reach,45,2026-10-06T21:19:52+00:00
2026-10-06,17895393021392219,metro-de-bh,os-tres-horizontes,reel,2026-09-09,27,saved,0,2026-10-06T21:19:52+00:00
2026-10-06,17895393021392219,metro-de-bh,os-tres-horizontes,reel,2026-09-09,27,shares,0,2026-10-06T21:19:52+00:00
2026-10-06,17895393021392219,metro-de-bh,os-tres-horizontes,reel,2026-09-09,27,total_interactions,1,2026-10-06T21:19:52+00:00
2026-10-06,17895393021392219,metro-de-bh,os-tres-horizontes,reel,2026-09-09,27,views,49,2026-10-06T21:19:52+00:00
2026-10-06,17901857445354820,metro-de-bh,contra-a-inflacao,reel,2026-09-08,28,comments,0,2026-10-06T21:19:52+00:00
2026-10-06,17901857445354820,metro-de-bh,contra-a-inflacao,reel,2026-09-08,28,ig_reels_avg_watch_time,7724,2026-10-06T21:19:52+00:00
2026-10-06,17901857445354820,metro-de-bh,contra-a-inflacao,reel,2026-09-08,28,likes,0,2026-10-06T21:19:52+00:00
2026-10-06,17901857445354820,metro-de-bh,contra-a-inflacao,reel,2026-09-08,28,reach,1,2026-10-06T21:19:52+00:00
2026-10-06,17901857445354820,metro-de-bh,contra-a-inflacao,reel,2026-09-08,28,saved,0,2026-10-06T21:19:52+00:00
2026-10-06,17901857445354820,metro-de-bh,contra-a-inflacao,reel,2026-09-08,28,shares,0,2026-10-06T21:19:52+00:00
2026-10-06,17901857445354820,metro-de-bh,contra-a-inflacao,reel,2026-09-08,28,total_interactions,0,2026-10-06T21:19:52+00:00
2026-10-06,17901857445354820,metro-de-bh,contra-a-inflacao,reel,2026-09-08,28,views,1,2026-10-06T21:19:52+00:00
2026-10-06,17980367396902015,metro-de-bh,t1:ano,reel,2026-09-12,24,comments,0,2026-10-06T21:19:52+00:00
2026-10-06,17980367396902015,metro-de-bh,t1:ano,reel,2026-09-12,24,ig_reels_avg_watch_time,5349,2026-10-06T21:19:52+00:00
2026-10-06,17980367396902015,metro-de-bh,t1:ano,reel,2026-09-12,24,likes,0,2026-10-06T21:19:52+00:00
2026-10-06,17980367396902015,metro-de-bh,t1:ano,reel,2026-09-12,24,reach,6,2026-10-06T21:19:52+00:00
2026-10-06,17980367396902015,metro-de-bh,t1:ano,reel,2026-09-12,24,saved,0,2026-10-06T21:19:52+00:00
2026-10-06,17980367396902015,metro-de-bh,t1:ano,reel,2026-09-12,24,shares,0,2026-10-06T21:19:52+00:00
2026-10-06,17980367396902015,metro-de-bh,t1:ano,reel,2026-09-12,24,total_interactions,0,2026-10-06T21:19:52+00:00
2026-10-06,17980367396902015,metro-de-bh,t1:ano,reel,2026-09-12,24,views,6,2026-10-06T21:19:52+00:00
2026-10-06,18002295893795529,metro-de-bh,quem-esta-em-queda,reel,2026-09-11,25,comments,0,2026-10-06T21:19:52+00:00
2026-10-06,18002295893795529,metro-de-bh,quem-esta-em-queda,reel,2026-09-11,25,ig_reels_avg_watch_time,4406,2026-10-06T21:19:52+00:00
2026-10-06,18002295893795529,metro-de-bh,quem-esta-em-queda,reel,2026-09-11,25,likes,0,2026-10-06T21:19:52+00:00
2026-10-06,18002295893795529,metro-de-bh,quem-esta-em-queda,reel,2026-09-11,25,reach,0,2026-10-06T21:19:52+00:00
2026-10-06,18002295893795529,metro-de-bh,quem-esta-em-queda,reel,2026-09-11,25,saved,0,2026-10-06T21:19:52+00:00
2026-10-06,18002295893795529,metro-de-bh,quem-esta-em-queda,reel,2026-09-11,25,shares,0,2026-10-06T21:19:52+00:00
2026-10-06,18002295893795529,metro-de-bh,quem-esta-em-queda,reel,2026-09-11,25,total_interactions,0,2026-10-06T21:19:52+00:00
2026-10-06,18002295893795529,metro-de-bh,quem-esta-em-queda,reel,2026-09-11,25,views,0,2026-10-06T21:19:52+00:00
2026-10-06,18093109655554507,metro-de-bh,padrao,reel,2026-09-08,28,comments,0,2026-10-06T21:19:52+00:00
2026-10-06,18093109655554507,metro-de-bh,padrao,reel,2026-09-08,28,ig_reels_avg_watch_time,16083,2026-10-06T21:19:52+00:00
2026-10-06,18093109655554507,metro-de-bh,padrao,reel,2026-09-08,28,likes,0,2026-10-06T21:19:52+00:00
2026-10-06,18093109655554507,metro-de-bh,padrao,reel,2026-09-08,28,reach,2,2026-10-06T21:19:52+00:00
2026-10-06,18093109655554507,metro-de-bh,padrao,reel,2026-09-08,28,saved,0,2026-10-06T21:19:52+00:00
2026-10-06,18093109655554507,metro-de-bh,padrao,reel,2026-09-08,28,shares,0,2026-10-06T21:19:52+00:00
2026-10-06,18093109655554507,metro-de-bh,padrao,reel,2026-09-08,28,total_interactions,0,2026-10-06T21:19:52+00:00
2026-10-06,18093109655554507,metro-de-bh,padrao,reel,2026-09-08,28,views,4,2026-10-06T21:19:52+00:00
2026-10-06,18095669867253904,metro-de-bh,quem-esta-subindo,reel,2026-09-15,21,comments,0,2026-10-06T21:19:52+00:00
2026-10-06,18095669867253904,metro-de-bh,quem-esta-subindo,reel,2026-09-15,21,ig_reels_avg_watch_time,14602,2026-10-06T21:19:52+00:00
2026-10-06,18095669867253904,metro-de-bh,quem-esta-subindo,reel,2026-09-15,21,likes,0,2026-10-06T21:19:52+00:00
2026-10-06,18095669867253904,metro-de-bh,quem-esta-subindo,reel,2026-09-15,21,reach,1,2026-10-06T21:19:52+00:00
2026-10-06,18095669867253904,metro-de-bh,quem-esta-subindo,reel,2026-09-15,21,saved,0,2026-10-06T21:19:52+00:00
2026-10-06,18095669867253904,metro-de-bh,quem-esta-subindo,reel,2026-09-15,21,shares,0,2026-10-06T21:19:52+00:00
2026-10-06,18095669867253904,metro-de-bh,quem-esta-subindo,reel,2026-09-15,21,total_interactions,0,2026-10-06T21:19:52+00:00
2026-10-06,18095669867253904,metro-de-bh,quem-esta-subindo,reel,2026-09-15,21,views,3,2026-10-06T21:19:52+00:00
2026-10-06,18110686535327913,metro-de-bh,t1:mensal,reel,2026-09-11,25,comments,0,2026-10-06T21:19:52+00:00
2026-10-06,18110686535327913,metro-de-bh,t1:mensal,reel,2026-09-11,25,ig_reels_avg_watch_time,19823,2026-10-06T21:19:52+00:00
2026-10-06,18110686535327913,metro-de-bh,t1:mensal,reel,2026-09-11,25,likes,0,2026-10-06T21:19:52+00:00
2026-10-06,18110686535327913,metro-de-bh,t1:mensal,reel,2026-09-11,25,reach,0,2026-10-06T21:19:52+00:00
2026-10-06,18110686535327913,metro-de-bh,t1:mensal,reel,2026-09-11,25,saved,0,2026-10-06T21:19:52+00:00
2026-10-06,18110686535327913,metro-de-bh,t1:mensal,reel,2026-09-11,25,shares,0,2026-10-06T21:19:52+00:00
2026-10-06,18110686535327913,metro-de-bh,t1:mensal,reel,2026-09-11,25,total_interactions,0,2026-10-06T21:19:52+00:00
2026-10-06,18110686535327913,metro-de-bh,t1:mensal,reel,2026-09-11,25,views,0,2026-10-06T21:19:52+00:00
2026-10-06,18111083852272085,metro-de-bh,contra-a-inflacao,reel,2026-10-02,4,comments,0,2026-10-06T21:19:52+00:00
2026-10-06,18111083852272085,metro-de-bh,contra-a-inflacao,reel,2026-10-02,4,ig_reels_avg_watch_time,9544,2026-10-06T21:19:52+00:00
2026-10-06,18111083852272085,metro-de-bh,contra-a-inflacao,reel,2026-10-02,4,likes,0,2026-10-06T21:19:52+00:00
2026-10-06,18111083852272085,metro-de-bh,contra-a-inflacao,reel,2026-10-02,4,reach,2,2026-10-06T21:19:52+00:00
2026-10-06,18111083852272085,metro-de-bh,contra-a-inflacao,reel,2026-10-02,4,saved,0,2026-10-06T21:19:52+00:00
2026-10-06,18111083852272085,metro-de-bh,contra-a-inflacao,reel,2026-10-02,4,shares,0,2026-10-06T21:19:52+00:00
2026-10-06,18111083852272085,metro-de-bh,contra-a-inflacao,reel,2026-10-02,4,total_interactions,0,2026-10-06T21:19:52+00:00
2026-10-06,18111083852272085,metro-de-bh,contra-a-inflacao,reel,2026-10-02,4,views,3,2026-10-06T21:19:52+00:00
2026-10-06,18111726197008625,metro-de-bh,o-topo-e-a-base,reel,2026-09-10,25,comments,0,2026-10-06T21:19:52+00:00
2026-10-06,18111726197008625,metro-de-bh,o-topo-e-a-base,reel,2026-09-10,25,ig_reels_avg_watch_time,8236,2026-10-06T21:19:52+00:00
2026-10-06,18111726197008625,metro-de-bh,o-topo-e-a-base,reel,2026-09-10,25,likes,0,2026-10-06T21:19:52+00:00
2026-10-06,18111726197008625,metro-de-bh,o-topo-e-a-base,reel,2026-09-10,25,reach,0,2026-10-06T21:19:52+00:00
2026-10-06,18111726197008625,metro-de-bh,o-topo-e-a-base,reel,2026-09-10,25,saved,0,2026-10-06T21:19:52+00:00
2026-10-06,18111726197008625,metro-de-bh,o-topo-e-a-base,reel,2026-09-10,25,shares,0,2026-10-06T21:19:52+00:00
2026-10-06,18111726197008625,metro-de-bh,o-topo-e-a-base,reel,2026-09-10,25,total_interactions,0,2026-10-06T21:19:52+00:00
2026-10-06,18111726197008625,metro-de-bh,o-topo-e-a-base,reel,2026-09-10,25,views,0,2026-10-06T21:19:52+00:00
2026-10-06,18124215602486733,metro-de-bh,t1:mensal,reel,2026-10-01,5,comments,0,2026-10-06T21:19:52+00:00
2026-10-06,18124215602486733,metro-de-bh,t1:mensal,reel,2026-10-01,5,ig_reels_avg_watch_time,59371,2026-10-06T21:19:52+00:00
2026-10-06,18124215602486733,metro-de-bh,t1:mensal,reel,2026-10-01,5,likes,0,2026-10-06T21:19:52+00:00
2026-10-06,18124215602486733,metro-de-bh,t1:mensal,reel,2026-10-01,5,reach,1,2026-10-06T21:19:52+00:00
2026-10-06,18124215602486733,metro-de-bh,t1:mensal,reel,2026-10-01,5,saved,0,2026-10-06T21:19:52+00:00
2026-10-06,18124215602486733,metro-de-bh,t1:mensal,reel,2026-10-01,5,shares,0,2026-10-06T21:19:52+00:00
2026-10-06,18124215602486733,metro-de-bh,t1:mensal,reel,2026-10-01,5,total_interactions,0,2026-10-06T21:19:52+00:00
2026-10-06,18124215602486733,metro-de-bh,t1:mensal,reel,2026-10-01,5,views,2,2026-10-06T21:19:52+00:00
2026-10-06,18135882523597227,metro-de-bh,o-topo-e-a-base,reel,2026-10-06,0,comments,0,2026-10-06T21:19:52+00:00
2026-10-06,18135882523597227,metro-de-bh,o-topo-e-a-base,reel,2026-10-06,0,ig_reels_avg_watch_time,17504,2026-10-06T21:19:52+00:00
2026-10-06,18135882523597227,metro-de-bh,o-topo-e-a-base,reel,2026-10-06,0,likes,0,2026-10-06T21:19:52+00:00
2026-10-06,18135882523597227,metro-de-bh,o-topo-e-a-base,reel,2026-10-06,0,reach,1,2026-10-06T21:19:52+00:00
2026-10-06,18135882523597227,metro-de-bh,o-topo-e-a-base,reel,2026-10-06,0,saved,0,2026-10-06T21:19:52+00:00
2026-10-06,18135882523597227,metro-de-bh,o-topo-e-a-base,reel,2026-10-06,0,shares,0,2026-10-06T21:19:52+00:00
2026-10-06,18135882523597227,metro-de-bh,o-topo-e-a-base,reel,2026-10-06,0,total_interactions,0,2026-10-06T21:19:52+00:00
2026-10-06,18135882523597227,metro-de-bh,o-topo-e-a-base,reel,2026-10-06,0,views,2,2026-10-06T21:19:52+00:00
2026-10-06,18142213657593366,metro-de-bh,panorama-do-mes,reel,2026-10-01,5,comments,0,2026-10-06T21:19:52+00:00
2026-10-06,18142213657593366,metro-de-bh,panorama-do-mes,reel,2026-10-01,5,ig_reels_avg_watch_time,1156,2026-10-06T21:19:52+00:00
2026-10-06,18142213657593366,metro-de-bh,panorama-do-mes,reel,2026-10-01,5,likes,0,2026-10-06T21:19:52+00:00
2026-10-06,18142213657593366,metro-de-bh,panorama-do-mes,reel,2026-10-01,5,reach,2,2026-10-06T21:19:52+00:00
2026-10-06,18142213657593366,metro-de-bh,panorama-do-mes,reel,2026-10-01,5,saved,0,2026-10-06T21:19:52+00:00
2026-10-06,18142213657593366,metro-de-bh,panorama-do-mes,reel,2026-10-01,5,shares,0,2026-10-06T21:19:52+00:00
2026-10-06,18142213657593366,metro-de-bh,panorama-do-mes,reel,2026-10-01,5,total_interactions,0,2026-10-06T21:19:52+00:00
2026-10-06,18142213657593366,metro-de-bh,panorama-do-mes,reel,2026-10-01,5,views,3,2026-10-06T21:19:52+00:00
2026-10-06,18142362877585635,metro-de-bh,t1:doze_meses,reel,2026-09-12,24,comments,0,2026-10-06T21:19:52+00:00
2026-10-06,18142362877585635,metro-de-bh,t1:doze_meses,reel,2026-09-12,24,ig_reels_avg_watch_time,4514,2026-10-06T21:19:52+00:00
2026-10-06,18142362877585635,metro-de-bh,t1:doze_meses,reel,2026-09-12,24,likes,0,2026-10-06T21:19:52+00:00
2026-10-06,18142362877585635,metro-de-bh,t1:doze_meses,reel,2026-09-12,24,reach,74,2026-10-06T21:19:52+00:00
2026-10-06,18142362877585635,metro-de-bh,t1:doze_meses,reel,2026-09-12,24,saved,0,2026-10-06T21:19:52+00:00
2026-10-06,18142362877585635,metro-de-bh,t1:doze_meses,reel,2026-09-12,24,shares,0,2026-10-06T21:19:52+00:00
2026-10-06,18142362877585635,metro-de-bh,t1:doze_meses,reel,2026-09-12,24,total_interactions,0,2026-10-06T21:19:52+00:00
2026-10-06,18142362877585635,metro-de-bh,t1:doze_meses,reel,2026-09-12,24,views,81,2026-10-06T21:19:52+00:00
2026-10-06,18192292237398458,metro-de-bh,os-tres-horizontes,reel,2026-10-05,1,comments,0,2026-10-06T21:19:52+00:00
2026-10-06,18192292237398458,metro-de-bh,os-tres-horizontes,reel,2026-10-05,1,ig_reels_avg_watch_time,6398,2026-10-06T21:19:52+00:00
2026-10-06,18192292237398458,metro-de-bh,os-tres-horizontes,reel,2026-10-05,1,likes,0,2026-10-06T21:19:52+00:00
2026-10-06,18192292237398458,metro-de-bh,os-tres-horizontes,reel,2026-10-05,1,reach,3,2026-10-06T21:19:52+00:00
2026-10-06,18192292237398458,metro-de-bh,os-tres-horizontes,reel,2026-10-05,1,saved,0,2026-10-06T21:19:52+00:00
2026-10-06,18192292237398458,metro-de-bh,os-tres-horizontes,reel,2026-10-05,1,shares,0,2026-10-06T21:19:52+00:00
2026-10-06,18192292237398458,metro-de-bh,os-tres-horizontes,reel,2026-10-05,1,total_interactions,0,2026-10-06T21:19:52+00:00
2026-10-06,18192292237398458,metro-de-bh,os-tres-horizontes,reel,2026-10-05,1,views,4,2026-10-06T21:19:52+00:00
2026-10-06,18204927967375541,metro-de-bh,t1:doze_meses,reel,2026-10-01,5,comments,0,2026-10-06T21:19:52+00:00
2026-10-06,18204927967375541,metro-de-bh,t1:doze_meses,reel,2026-10-01,5,ig_reels_avg_watch_time,8357,2026-10-06T21:19:52+00:00
2026-10-06,18204927967375541,metro-de-bh,t1:doze_meses,reel,2026-10-01,5,likes,0,2026-10-06T21:19:52+00:00
2026-10-06,18204927967375541,metro-de-bh,t1:doze_meses,reel,2026-10-01,5,reach,5,2026-10-06T21:19:52+00:00
2026-10-06,18204927967375541,metro-de-bh,t1:doze_meses,reel,2026-10-01,5,saved,0,2026-10-06T21:19:52+00:00
2026-10-06,18204927967375541,metro-de-bh,t1:doze_meses,reel,2026-10-01,5,shares,0,2026-10-06T21:19:52+00:00
2026-10-06,18204927967375541,metro-de-bh,t1:doze_meses,reel,2026-10-01,5,total_interactions,0,2026-10-06T21:19:52+00:00
2026-10-06,18204927967375541,metro-de-bh,t1:doze_meses,reel,2026-10-01,5,views,5,2026-10-06T21:19:52+00:00
2026-10-07,17864705919678698,metro-de-bh,t1:ano,reel,2026-10-01,6,comments,0,2026-10-07T21:16:55+00:00
2026-10-07,17864705919678698,metro-de-bh,t1:ano,reel,2026-10-01,6,ig_reels_avg_watch_time,13026,2026-10-07T21:16:55+00:00
2026-10-07,17864705919678698,metro-de-bh,t1:ano,reel,2026-10-01,6,likes,0,2026-10-07T21:16:55+00:00
2026-10-07,17864705919678698,metro-de-bh,t1:ano,reel,2026-10-01,6,reach,8,2026-10-07T21:16:55+00:00
2026-10-07,17864705919678698,metro-de-bh,t1:ano,reel,2026-10-01,6,saved,0,2026-10-07T21:16:55+00:00
2026-10-07,17864705919678698,metro-de-bh,t1:ano,reel,2026-10-01,6,shares,0,2026-10-07T21:16:55+00:00
2026-10-07,17864705919678698,metro-de-bh,t1:ano,reel,2026-10-01,6,total_interactions,0,2026-10-07T21:16:55+00:00
2026-10-07,17864705919678698,metro-de-bh,t1:ano,reel,2026-10-01,6,views,7,2026-10-07T21:16:55+00:00
2026-10-07,17895393021392219,metro-de-bh,os-tres-horizontes,reel,2026-09-09,28,comments,0,2026-10-07T21:16:55+00:00
2026-10-07,17895393021392219,metro-de-bh,os-tres-horizontes,reel,2026-09-09,28,ig_reels_avg_watch_time,2439,2026-10-07T21:16:55+00:00
2026-10-07,17895393021392219,metro-de-bh,os-tres-horizontes,reel,2026-09-09,28,likes,1,2026-10-07T21:16:55+00:00
2026-10-07,17895393021392219,metro-de-bh,os-tres-horizontes,reel,2026-09-09,28,reach,45,2026-10-07T21:16:55+00:00
2026-10-07,17895393021392219,metro-de-bh,os-tres-horizontes,reel,2026-09-09,28,saved,0,2026-10-07T21:16:55+00:00
2026-10-07,17895393021392219,metro-de-bh,os-tres-horizontes,reel,2026-09-09,28,shares,0,2026-10-07T21:16:55+00:00
2026-10-07,17895393021392219,metro-de-bh,os-tres-horizontes,reel,2026-09-09,28,total_interactions,1,2026-10-07T21:16:55+00:00
2026-10-07,17895393021392219,metro-de-bh,os-tres-horizontes,reel,2026-09-09,28,views,49,2026-10-07T21:16:55+00:00
2026-10-07,17901857445354820,metro-de-bh,contra-a-inflacao,reel,2026-09-08,29,comments,0,2026-10-07T21:16:55+00:00
2026-10-07,17901857445354820,metro-de-bh,contra-a-inflacao,reel,2026-09-08,29,ig_reels_avg_watch_time,7724,2026-10-07T21:16:55+00:00
2026-10-07,17901857445354820,metro-de-bh,contra-a-inflacao,reel,2026-09-08,29,likes,0,2026-10-07T21:16:55+00:00
2026-10-07,17901857445354820,metro-de-bh,contra-a-inflacao,reel,2026-09-08,29,reach,1,2026-10-07T21:16:55+00:00
2026-10-07,17901857445354820,metro-de-bh,contra-a-inflacao,reel,2026-09-08,29,saved,0,2026-10-07T21:16:55+00:00
2026-10-07,17901857445354820,metro-de-bh,contra-a-inflacao,reel,2026-09-08,29,shares,0,2026-10-07T21:16:55+00:00
2026-10-07,17901857445354820,metro-de-bh,contra-a-inflacao,reel,2026-09-08,29,total_interactions,0,2026-10-07T21:16:55+00:00
2026-10-07,17901857445354820,metro-de-bh,contra-a-inflacao,reel,2026-09-08,29,views,1,2026-10-07T21:16:55+00:00
2026-10-07,17980367396902015,metro-de-bh,t1:ano,reel,2026-09-12,25,comments,0,2026-10-07T21:16:55+00:00
2026-10-07,17980367396902015,metro-de-bh,t1:ano,reel,2026-09-12,25,ig_reels_avg_watch_time,5349,2026-10-07T21:16:55+00:00
2026-10-07,17980367396902015,metro-de-bh,t1:ano,reel,2026-09-12,25,likes,0,2026-10-07T21:16:55+00:00
2026-10-07,17980367396902015,metro-de-bh,t1:ano,reel,2026-09-12,25,reach,6,2026-10-07T21:16:55+00:00
2026-10-07,17980367396902015,metro-de-bh,t1:ano,reel,2026-09-12,25,saved,0,2026-10-07T21:16:55+00:00
2026-10-07,17980367396902015,metro-de-bh,t1:ano,reel,2026-09-12,25,shares,0,2026-10-07T21:16:55+00:00
2026-10-07,17980367396902015,metro-de-bh,t1:ano,reel,2026-09-12,25,total_interactions,0,2026-10-07T21:16:55+00:00
2026-10-07,17980367396902015,metro-de-bh,t1:ano,reel,2026-09-12,25,views,6,2026-10-07T21:16:55+00:00
2026-10-07,18002295893795529,metro-de-bh,quem-esta-em-queda,reel,2026-09-11,26,comments,0,2026-10-07T21:16:55+00:00
2026-10-07,18002295893795529,metro-de-bh,quem-esta-em-queda,reel,2026-09-11,26,ig_reels_avg_watch_time,4406,2026-10-07T21:16:55+00:00
2026-10-07,18002295893795529,metro-de-bh,quem-esta-em-queda,reel,2026-09-11,26,likes,0,2026-10-07T21:16:55+00:00
2026-10-07,18002295893795529,metro-de-bh,quem-esta-em-queda,reel,2026-09-11,26,reach,0,2026-10-07T21:16:55+00:00
2026-10-07,18002295893795529,metro-de-bh,quem-esta-em-queda,reel,2026-09-11,26,saved,0,2026-10-07T21:16:55+00:00
2026-10-07,18002295893795529,metro-de-bh,quem-esta-em-queda,reel,2026-09-11,26,shares,0,2026-10-07T21:16:55+00:00
2026-10-07,18002295893795529,metro-de-bh,quem-esta-em-queda,reel,2026-09-11,26,total_interactions,0,2026-10-07T21:16:55+00:00
2026-10-07,18002295893795529,metro-de-bh,quem-esta-em-queda,reel,2026-09-11,26,views,0,2026-10-07T21:16:55+00:00
2026-10-07,18093109655554507,metro-de-bh,padrao,reel,2026-09-08,29,comments,0,2026-10-07T21:16:55+00:00
2026-10-07,18093109655554507,metro-de-bh,padrao,reel,2026-09-08,29,ig_reels_avg_watch_time,16083,2026-10-07T21:16:55+00:00
2026-10-07,18093109655554507,metro-de-bh,padrao,reel,2026-09-08,29,likes,0,2026-10-07T21:16:55+00:00
2026-10-07,18093109655554507,metro-de-bh,padrao,reel,2026-09-08,29,reach,2,2026-10-07T21:16:55+00:00
2026-10-07,18093109655554507,metro-de-bh,padrao,reel,2026-09-08,29,saved,0,2026-10-07T21:16:55+00:00
2026-10-07,18093109655554507,metro-de-bh,padrao,reel,2026-09-08,29,shares,0,2026-10-07T21:16:55+00:00
2026-10-07,18093109655554507,metro-de-bh,padrao,reel,2026-09-08,29,total_interactions,0,2026-10-07T21:16:55+00:00
2026-10-07,18093109655554507,metro-de-bh,padrao,reel,2026-09-08,29,views,4,2026-10-07T21:16:55+00:00
2026-10-07,18095669867253904,metro-de-bh,quem-esta-subindo,reel,2026-09-15,22,comments,0,2026-10-07T21:16:55+00:00
2026-10-07,18095669867253904,metro-de-bh,quem-esta-subindo,reel,2026-09-15,22,ig_reels_avg_watch_time,14602,2026-10-07T21:16:55+00:00
2026-10-07,18095669867253904,metro-de-bh,quem-esta-subindo,reel,2026-09-15,22,likes,0,2026-10-07T21:16:55+00:00
2026-10-07,18095669867253904,metro-de-bh,quem-esta-subindo,reel,2026-09-15,22,reach,1,2026-10-07T21:16:55+00:00
2026-10-07,18095669867253904,metro-de-bh,quem-esta-subindo,reel,2026-09-15,22,saved,0,2026-10-07T21:16:55+00:00
2026-10-07,18095669867253904,metro-de-bh,quem-esta-subindo,reel,2026-09-15,22,shares,0,2026-10-07T21:16:55+00:00
2026-10-07,18095669867253904,metro-de-bh,quem-esta-subindo,reel,2026-09-15,22,total_interactions,0,2026-10-07T21:16:55+00:00
2026-10-07,18095669867253904,metro-de-bh,quem-esta-subindo,reel,2026-09-15,22,views,3,2026-10-07T21:16:55+00:00
2026-10-07,18110686535327913,metro-de-bh,t1:mensal,reel,2026-09-11,26,comments,0,2026-10-07T21:16:55+00:00
2026-10-07,18110686535327913,metro-de-bh,t1:mensal,reel,2026-09-11,26,ig_reels_avg_watch_time,19823,2026-10-07T21:16:55+00:00
2026-10-07,18110686535327913,metro-de-bh,t1:mensal,reel,2026-09-11,26,likes,0,2026-10-07T21:16:55+00:00
2026-10-07,18110686535327913,metro-de-bh,t1:mensal,reel,2026-09-11,26,reach,0,2026-10-07T21:16:55+00:00
2026-10-07,18110686535327913,metro-de-bh,t1:mensal,reel,2026-09-11,26,saved,0,2026-10-07T21:16:55+00:00
2026-10-07,18110686535327913,metro-de-bh,t1:mensal,reel,2026-09-11,26,shares,0,2026-10-07T21:16:55+00:00
2026-10-07,18110686535327913,metro-de-bh,t1:mensal,reel,2026-09-11,26,total_interactions,0,2026-10-07T21:16:55+00:00
2026-10-07,18110686535327913,metro-de-bh,t1:mensal,reel,2026-09-11,26,views,0,2026-10-07T21:16:55+00:00
2026-10-07,18111083852272085,metro-de-bh,contra-a-inflacao,reel,2026-10-02,5,comments,0,2026-10-07T21:16:55+00:00
2026-10-07,18111083852272085,metro-de-bh,contra-a-inflacao,reel,2026-10-02,5,ig_reels_avg_watch_time,9544,2026-10-07T21:16:55+00:00
2026-10-07,18111083852272085,metro-de-bh,contra-a-inflacao,reel,2026-10-02,5,likes,0,2026-10-07T21:16:55+00:00
2026-10-07,18111083852272085,metro-de-bh,contra-a-inflacao,reel,2026-10-02,5,reach,2,2026-10-07T21:16:55+00:00
2026-10-07,18111083852272085,metro-de-bh,contra-a-inflacao,reel,2026-10-02,5,saved,0,2026-10-07T21:16:55+00:00
2026-10-07,18111083852272085,metro-de-bh,contra-a-inflacao,reel,2026-10-02,5,shares,0,2026-10-07T21:16:55+00:00
2026-10-07,18111083852272085,metro-de-bh,contra-a-inflacao,reel,2026-10-02,5,total_interactions,0,2026-10-07T21:16:55+00:00
2026-10-07,18111083852272085,metro-de-bh,contra-a-inflacao,reel,2026-10-02,5,views,3,2026-10-07T21:16:55+00:00
2026-10-07,18111726197008625,metro-de-bh,o-topo-e-a-base,reel,2026-09-10,26,comments,0,2026-10-07T21:16:55+00:00
2026-10-07,18111726197008625,metro-de-bh,o-topo-e-a-base,reel,2026-09-10,26,ig_reels_avg_watch_time,8236,2026-10-07T21:16:55+00:00
2026-10-07,18111726197008625,metro-de-bh,o-topo-e-a-base,reel,2026-09-10,26,likes,0,2026-10-07T21:16:55+00:00
2026-10-07,18111726197008625,metro-de-bh,o-topo-e-a-base,reel,2026-09-10,26,reach,0,2026-10-07T21:16:55+00:00
2026-10-07,18111726197008625,metro-de-bh,o-topo-e-a-base,reel,2026-09-10,26,saved,0,2026-10-07T21:16:55+00:00
2026-10-07,18111726197008625,metro-de-bh,o-topo-e-a-base,reel,2026-09-10,26,shares,0,2026-10-07T21:16:55+00:00
2026-10-07,18111726197008625,metro-de-bh,o-topo-e-a-base,reel,2026-09-10,26,total_interactions,0,2026-10-07T21:16:55+00:00
2026-10-07,18111726197008625,metro-de-bh,o-topo-e-a-base,reel,2026-09-10,26,views,0,2026-10-07T21:16:55+00:00
2026-10-07,18124215602486733,metro-de-bh,t1:mensal,reel,2026-10-01,6,comments,0,2026-10-07T21:16:55+00:00
2026-10-07,18124215602486733,metro-de-bh,t1:mensal,reel,2026-10-01,6,ig_reels_avg_watch_time,59371,2026-10-07T21:16:55+00:00
2026-10-07,18124215602486733,metro-de-bh,t1:mensal,reel,2026-10-01,6,likes,0,2026-10-07T21:16:55+00:00
2026-10-07,18124215602486733,metro-de-bh,t1:mensal,reel,2026-10-01,6,reach,1,2026-10-07T21:16:55+00:00
2026-10-07,18124215602486733,metro-de-bh,t1:mensal,reel,2026-10-01,6,saved,0,2026-10-07T21:16:55+00:00
2026-10-07,18124215602486733,metro-de-bh,t1:mensal,reel,2026-10-01,6,shares,0,2026-10-07T21:16:55+00:00
2026-10-07,18124215602486733,metro-de-bh,t1:mensal,reel,2026-10-01,6,total_interactions,0,2026-10-07T21:16:55+00:00
2026-10-07,18124215602486733,metro-de-bh,t1:mensal,reel,2026-10-01,6,views,2,2026-10-07T21:16:55+00:00
2026-10-07,18135882523597227,metro-de-bh,o-topo-e-a-base,reel,2026-10-06,1,comments,0,2026-10-07T21:16:55+00:00
2026-10-07,18135882523597227,metro-de-bh,o-topo-e-a-base,reel,2026-10-06,1,ig_reels_avg_watch_time,17504,2026-10-07T21:16:55+00:00
2026-10-07,18135882523597227,metro-de-bh,o-topo-e-a-base,reel,2026-10-06,1,likes,0,2026-10-07T21:16:55+00:00
2026-10-07,18135882523597227,metro-de-bh,o-topo-e-a-base,reel,2026-10-06,1,reach,1,2026-10-07T21:16:55+00:00
2026-10-07,18135882523597227,metro-de-bh,o-topo-e-a-base,reel,2026-10-06,1,saved,0,2026-10-07T21:16:55+00:00
2026-10-07,18135882523597227,metro-de-bh,o-topo-e-a-base,reel,2026-10-06,1,shares,0,2026-10-07T21:16:55+00:00
2026-10-07,18135882523597227,metro-de-bh,o-topo-e-a-base,reel,2026-10-06,1,total_interactions,0,2026-10-07T21:16:55+00:00
2026-10-07,18135882523597227,metro-de-bh,o-topo-e-a-base,reel,2026-10-06,1,views,2,2026-10-07T21:16:55+00:00
2026-10-07,18142213657593366,metro-de-bh,panorama-do-mes,reel,2026-10-01,6,comments,0,2026-10-07T21:16:55+00:00
2026-10-07,18142213657593366,metro-de-bh,panorama-do-mes,reel,2026-10-01,6,ig_reels_avg_watch_time,1156,2026-10-07T21:16:55+00:00
2026-10-07,18142213657593366,metro-de-bh,panorama-do-mes,reel,2026-10-01,6,likes,0,2026-10-07T21:16:55+00:00
2026-10-07,18142213657593366,metro-de-bh,panorama-do-mes,reel,2026-10-01,6,reach,2,2026-10-07T21:16:55+00:00
2026-10-07,18142213657593366,metro-de-bh,panorama-do-mes,reel,2026-10-01,6,saved,0,2026-10-07T21:16:55+00:00
2026-10-07,18142213657593366,metro-de-bh,panorama-do-mes,reel,2026-10-01,6,shares,0,2026-10-07T21:16:55+00:00
2026-10-07,18142213657593366,metro-de-bh,panorama-do-mes,reel,2026-10-01,6,total_interactions,0,2026-10-07T21:16:55+00:00
2026-10-07,18142213657593366,metro-de-bh,panorama-do-mes,reel,2026-10-01,6,views,3,2026-10-07T21:16:55+00:00
2026-10-07,18142362877585635,metro-de-bh,t1:doze_meses,reel,2026-09-12,25,comments,0,2026-10-07T21:16:55+00:00
2026-10-07,18142362877585635,metro-de-bh,t1:doze_meses,reel,2026-09-12,25,ig_reels_avg_watch_time,4514,2026-10-07T21:16:55+00:00
2026-10-07,18142362877585635,metro-de-bh,t1:doze_meses,reel,2026-09-12,25,likes,0,2026-10-07T21:16:55+00:00
2026-10-07,18142362877585635,metro-de-bh,t1:doze_meses,reel,2026-09-12,25,reach,74,2026-10-07T21:16:55+00:00
2026-10-07,18142362877585635,metro-de-bh,t1:doze_meses,reel,2026-09-12,25,saved,0,2026-10-07T21:16:55+00:00
2026-10-07,18142362877585635,metro-de-bh,t1:doze_meses,reel,2026-09-12,25,shares,0,2026-10-07T21:16:55+00:00
2026-10-07,18142362877585635,metro-de-bh,t1:doze_meses,reel,2026-09-12,25,total_interactions,0,2026-10-07T21:16:55+00:00
2026-10-07,18142362877585635,metro-de-bh,t1:doze_meses,reel,2026-09-12,25,views,81,2026-10-07T21:16:55+00:00
2026-10-07,18192292237398458,metro-de-bh,os-tres-horizontes,reel,2026-10-05,2,comments,0,2026-10-07T21:16:55+00:00
2026-10-07,18192292237398458,metro-de-bh,os-tres-horizontes,reel,2026-10-05,2,ig_reels_avg_watch_time,6398,2026-10-07T21:16:55+00:00
2026-10-07,18192292237398458,metro-de-bh,os-tres-horizontes,reel,2026-10-05,2,likes,0,2026-10-07T21:16:55+00:00
2026-10-07,18192292237398458,metro-de-bh,os-tres-horizontes,reel,2026-10-05,2,reach,3,2026-10-07T21:16:55+00:00
2026-10-07,18192292237398458,metro-de-bh,os-tres-horizontes,reel,2026-10-05,2,saved,0,2026-10-07T21:16:55+00:00
2026-10-07,18192292237398458,metro-de-bh,os-tres-horizontes,reel,2026-10-05,2,shares,0,2026-10-07T21:16:55+00:00
2026-10-07,18192292237398458,metro-de-bh,os-tres-horizontes,reel,2026-10-05,2,total_interactions,0,2026-10-07T21:16:55+00:00
2026-10-07,18192292237398458,metro-de-bh,os-tres-horizontes,reel,2026-10-05,2,views,4,2026-10-07T21:16:55+00:00
2026-10-07,18204927967375541,metro-de-bh,t1:doze_meses,reel,2026-10-01,6,comments,0,2026-10-07T21:16:55+00:00
2026-10-07,18204927967375541,metro-de-bh,t1:doze_meses,reel,2026-10-01,6,ig_reels_avg_watch_time,8357,2026-10-07T21:16:55+00:00
2026-10-07,18204927967375541,metro-de-bh,t1:doze_meses,reel,2026-10-01,6,likes,0,2026-10-07T21:16:55+00:00
2026-10-07,18204927967375541,metro-de-bh,t1:doze_meses,reel,2026-10-01,6,reach,5,2026-10-07T21:16:55+00:00
2026-10-07,18204927967375541,metro-de-bh,t1:doze_meses,reel,2026-10-01,6,saved,0,2026-10-07T21:16:55+00:00
2026-10-07,18204927967375541,metro-de-bh,t1:doze_meses,reel,2026-10-01,6,shares,0,2026-10-07T21:16:55+00:00
2026-10-07,18204927967375541,metro-de-bh,t1:doze_meses,reel,2026-10-01,6,total_interactions,0,2026-10-07T21:16:55+00:00
2026-10-07,18204927967375541,metro-de-bh,t1:doze_meses,reel,2026-10-01,6,views,5,2026-10-07T21:16:55+00:00
2026-10-09,17864705919678698,metro-de-bh,t1:ano,reel,2026-10-01,7,comments,0,2026-10-09T01:06:12+00:00
2026-10-09,17864705919678698,metro-de-bh,t1:ano,reel,2026-10-01,7,ig_reels_avg_watch_time,13026,2026-10-09T01:06:12+00:00
2026-10-09,17864705919678698,metro-de-bh,t1:ano,reel,2026-10-01,7,likes,0,2026-10-09T01:06:12+00:00
2026-10-09,17864705919678698,metro-de-bh,t1:ano,reel,2026-10-01,7,reach,8,2026-10-09T01:06:12+00:00
2026-10-09,17864705919678698,metro-de-bh,t1:ano,reel,2026-10-01,7,saved,0,2026-10-09T01:06:12+00:00
2026-10-09,17864705919678698,metro-de-bh,t1:ano,reel,2026-10-01,7,shares,0,2026-10-09T01:06:12+00:00
2026-10-09,17864705919678698,metro-de-bh,t1:ano,reel,2026-10-01,7,total_interactions,0,2026-10-09T01:06:12+00:00
2026-10-09,17864705919678698,metro-de-bh,t1:ano,reel,2026-10-01,7,views,7,2026-10-09T01:06:12+00:00
2026-10-09,17895393021392219,metro-de-bh,os-tres-horizontes,reel,2026-09-09,29,comments,0,2026-10-09T01:06:12+00:00
2026-10-09,17895393021392219,metro-de-bh,os-tres-horizontes,reel,2026-09-09,29,ig_reels_avg_watch_time,2439,2026-10-09T01:06:12+00:00
2026-10-09,17895393021392219,metro-de-bh,os-tres-horizontes,reel,2026-09-09,29,likes,1,2026-10-09T01:06:12+00:00
2026-10-09,17895393021392219,metro-de-bh,os-tres-horizontes,reel,2026-09-09,29,reach,45,2026-10-09T01:06:12+00:00
2026-10-09,17895393021392219,metro-de-bh,os-tres-horizontes,reel,2026-09-09,29,saved,0,2026-10-09T01:06:12+00:00
2026-10-09,17895393021392219,metro-de-bh,os-tres-horizontes,reel,2026-09-09,29,shares,0,2026-10-09T01:06:12+00:00
2026-10-09,17895393021392219,metro-de-bh,os-tres-horizontes,reel,2026-09-09,29,total_interactions,1,2026-10-09T01:06:12+00:00
2026-10-09,17895393021392219,metro-de-bh,os-tres-horizontes,reel,2026-09-09,29,views,49,2026-10-09T01:06:12+00:00
2026-10-09,17901857445354820,metro-de-bh,contra-a-inflacao,reel,2026-09-08,30,comments,0,2026-10-09T01:06:12+00:00
2026-10-09,17901857445354820,metro-de-bh,contra-a-inflacao,reel,2026-09-08,30,ig_reels_avg_watch_time,7724,2026-10-09T01:06:12+00:00
2026-10-09,17901857445354820,metro-de-bh,contra-a-inflacao,reel,2026-09-08,30,likes,0,2026-10-09T01:06:12+00:00
2026-10-09,17901857445354820,metro-de-bh,contra-a-inflacao,reel,2026-09-08,30,reach,1,2026-10-09T01:06:12+00:00
2026-10-09,17901857445354820,metro-de-bh,contra-a-inflacao,reel,2026-09-08,30,saved,0,2026-10-09T01:06:12+00:00
2026-10-09,17901857445354820,metro-de-bh,contra-a-inflacao,reel,2026-09-08,30,shares,0,2026-10-09T01:06:12+00:00
2026-10-09,17901857445354820,metro-de-bh,contra-a-inflacao,reel,2026-09-08,30,total_interactions,0,2026-10-09T01:06:12+00:00
2026-10-09,17901857445354820,metro-de-bh,contra-a-inflacao,reel,2026-09-08,30,views,1,2026-10-09T01:06:12+00:00
2026-10-09,17980367396902015,metro-de-bh,t1:ano,reel,2026-09-12,27,comments,0,2026-10-09T01:06:12+00:00
2026-10-09,17980367396902015,metro-de-bh,t1:ano,reel,2026-09-12,27,ig_reels_avg_watch_time,5349,2026-10-09T01:06:12+00:00
2026-10-09,17980367396902015,metro-de-bh,t1:ano,reel,2026-09-12,27,likes,0,2026-10-09T01:06:12+00:00
2026-10-09,17980367396902015,metro-de-bh,t1:ano,reel,2026-09-12,27,reach,6,2026-10-09T01:06:12+00:00
2026-10-09,17980367396902015,metro-de-bh,t1:ano,reel,2026-09-12,27,saved,0,2026-10-09T01:06:12+00:00
2026-10-09,17980367396902015,metro-de-bh,t1:ano,reel,2026-09-12,27,shares,0,2026-10-09T01:06:12+00:00
2026-10-09,17980367396902015,metro-de-bh,t1:ano,reel,2026-09-12,27,total_interactions,0,2026-10-09T01:06:12+00:00
2026-10-09,17980367396902015,metro-de-bh,t1:ano,reel,2026-09-12,27,views,6,2026-10-09T01:06:12+00:00
2026-10-09,18002295893795529,metro-de-bh,quem-esta-em-queda,reel,2026-09-11,27,comments,0,2026-10-09T01:06:12+00:00
2026-10-09,18002295893795529,metro-de-bh,quem-esta-em-queda,reel,2026-09-11,27,ig_reels_avg_watch_time,4406,2026-10-09T01:06:12+00:00
2026-10-09,18002295893795529,metro-de-bh,quem-esta-em-queda,reel,2026-09-11,27,likes,0,2026-10-09T01:06:12+00:00
2026-10-09,18002295893795529,metro-de-bh,quem-esta-em-queda,reel,2026-09-11,27,reach,0,2026-10-09T01:06:12+00:00
2026-10-09,18002295893795529,metro-de-bh,quem-esta-em-queda,reel,2026-09-11,27,saved,0,2026-10-09T01:06:12+00:00
2026-10-09,18002295893795529,metro-de-bh,quem-esta-em-queda,reel,2026-09-11,27,shares,0,2026-10-09T01:06:12+00:00
2026-10-09,18002295893795529,metro-de-bh,quem-esta-em-queda,reel,2026-09-11,27,total_interactions,0,2026-10-09T01:06:12+00:00
2026-10-09,18002295893795529,metro-de-bh,quem-esta-em-queda,reel,2026-09-11,27,views,0,2026-10-09T01:06:12+00:00
2026-10-09,18093109655554507,metro-de-bh,padrao,reel,2026-09-08,30,comments,0,2026-10-09T01:06:12+00:00
2026-10-09,18093109655554507,metro-de-bh,padrao,reel,2026-09-08,30,ig_reels_avg_watch_time,16083,2026-10-09T01:06:12+00:00
2026-10-09,18093109655554507,metro-de-bh,padrao,reel,2026-09-08,30,likes,0,2026-10-09T01:06:12+00:00
2026-10-09,18093109655554507,metro-de-bh,padrao,reel,2026-09-08,30,reach,2,2026-10-09T01:06:12+00:00
2026-10-09,18093109655554507,metro-de-bh,padrao,reel,2026-09-08,30,saved,0,2026-10-09T01:06:12+00:00
2026-10-09,18093109655554507,metro-de-bh,padrao,reel,2026-09-08,30,shares,0,2026-10-09T01:06:12+00:00
2026-10-09,18093109655554507,metro-de-bh,padrao,reel,2026-09-08,30,total_interactions,0,2026-10-09T01:06:12+00:00
2026-10-09,18093109655554507,metro-de-bh,padrao,reel,2026-09-08,30,views,4,2026-10-09T01:06:12+00:00
2026-10-09,18095669867253904,metro-de-bh,quem-esta-subindo,reel,2026-09-15,23,comments,0,2026-10-09T01:06:12+00:00
2026-10-09,18095669867253904,metro-de-bh,quem-esta-subindo,reel,2026-09-15,23,ig_reels_avg_watch_time,14602,2026-10-09T01:06:12+00:00
2026-10-09,18095669867253904,metro-de-bh,quem-esta-subindo,reel,2026-09-15,23,likes,0,2026-10-09T01:06:12+00:00
2026-10-09,18095669867253904,metro-de-bh,quem-esta-subindo,reel,2026-09-15,23,reach,1,2026-10-09T01:06:12+00:00
2026-10-09,18095669867253904,metro-de-bh,quem-esta-subindo,reel,2026-09-15,23,saved,0,2026-10-09T01:06:12+00:00
2026-10-09,18095669867253904,metro-de-bh,quem-esta-subindo,reel,2026-09-15,23,shares,0,2026-10-09T01:06:12+00:00
2026-10-09,18095669867253904,metro-de-bh,quem-esta-subindo,reel,2026-09-15,23,total_interactions,0,2026-10-09T01:06:12+00:00
2026-10-09,18095669867253904,metro-de-bh,quem-esta-subindo,reel,2026-09-15,23,views,3,2026-10-09T01:06:12+00:00
2026-10-09,18110686535327913,metro-de-bh,t1:mensal,reel,2026-09-11,27,comments,0,2026-10-09T01:06:12+00:00
2026-10-09,18110686535327913,metro-de-bh,t1:mensal,reel,2026-09-11,27,ig_reels_avg_watch_time,19823,2026-10-09T01:06:12+00:00
2026-10-09,18110686535327913,metro-de-bh,t1:mensal,reel,2026-09-11,27,likes,0,2026-10-09T01:06:12+00:00
2026-10-09,18110686535327913,metro-de-bh,t1:mensal,reel,2026-09-11,27,reach,0,2026-10-09T01:06:12+00:00
2026-10-09,18110686535327913,metro-de-bh,t1:mensal,reel,2026-09-11,27,saved,0,2026-10-09T01:06:12+00:00
2026-10-09,18110686535327913,metro-de-bh,t1:mensal,reel,2026-09-11,27,shares,0,2026-10-09T01:06:12+00:00
2026-10-09,18110686535327913,metro-de-bh,t1:mensal,reel,2026-09-11,27,total_interactions,0,2026-10-09T01:06:12+00:00
2026-10-09,18110686535327913,metro-de-bh,t1:mensal,reel,2026-09-11,27,views,0,2026-10-09T01:06:12+00:00
2026-10-09,18111083852272085,metro-de-bh,contra-a-inflacao,reel,2026-10-02,6,comments,0,2026-10-09T01:06:12+00:00
2026-10-09,18111083852272085,metro-de-bh,contra-a-inflacao,reel,2026-10-02,6,ig_reels_avg_watch_time,9544,2026-10-09T01:06:12+00:00
2026-10-09,18111083852272085,metro-de-bh,contra-a-inflacao,reel,2026-10-02,6,likes,0,2026-10-09T01:06:12+00:00
2026-10-09,18111083852272085,metro-de-bh,contra-a-inflacao,reel,2026-10-02,6,reach,2,2026-10-09T01:06:12+00:00
2026-10-09,18111083852272085,metro-de-bh,contra-a-inflacao,reel,2026-10-02,6,saved,0,2026-10-09T01:06:12+00:00
2026-10-09,18111083852272085,metro-de-bh,contra-a-inflacao,reel,2026-10-02,6,shares,0,2026-10-09T01:06:12+00:00
2026-10-09,18111083852272085,metro-de-bh,contra-a-inflacao,reel,2026-10-02,6,total_interactions,0,2026-10-09T01:06:12+00:00
2026-10-09,18111083852272085,metro-de-bh,contra-a-inflacao,reel,2026-10-02,6,views,3,2026-10-09T01:06:12+00:00
2026-10-09,18111726197008625,metro-de-bh,o-topo-e-a-base,reel,2026-09-10,28,comments,0,2026-10-09T01:06:12+00:00
2026-10-09,18111726197008625,metro-de-bh,o-topo-e-a-base,reel,2026-09-10,28,ig_reels_avg_watch_time,8236,2026-10-09T01:06:12+00:00
2026-10-09,18111726197008625,metro-de-bh,o-topo-e-a-base,reel,2026-09-10,28,likes,0,2026-10-09T01:06:12+00:00
2026-10-09,18111726197008625,metro-de-bh,o-topo-e-a-base,reel,2026-09-10,28,reach,0,2026-10-09T01:06:12+00:00
2026-10-09,18111726197008625,metro-de-bh,o-topo-e-a-base,reel,2026-09-10,28,saved,0,2026-10-09T01:06:12+00:00
2026-10-09,18111726197008625,metro-de-bh,o-topo-e-a-base,reel,2026-09-10,28,shares,0,2026-10-09T01:06:12+00:00
2026-10-09,18111726197008625,metro-de-bh,o-topo-e-a-base,reel,2026-09-10,28,total_interactions,0,2026-10-09T01:06:12+00:00
2026-10-09,18111726197008625,metro-de-bh,o-topo-e-a-base,reel,2026-09-10,28,views,0,2026-10-09T01:06:12+00:00
2026-10-09,18124215602486733,metro-de-bh,t1:mensal,reel,2026-10-01,8,comments,0,2026-10-09T01:06:12+00:00
2026-10-09,18124215602486733,metro-de-bh,t1:mensal,reel,2026-10-01,8,ig_reels_avg_watch_time,59371,2026-10-09T01:06:12+00:00
2026-10-09,18124215602486733,metro-de-bh,t1:mensal,reel,2026-10-01,8,likes,0,2026-10-09T01:06:12+00:00
2026-10-09,18124215602486733,metro-de-bh,t1:mensal,reel,2026-10-01,8,reach,1,2026-10-09T01:06:12+00:00
2026-10-09,18124215602486733,metro-de-bh,t1:mensal,reel,2026-10-01,8,saved,0,2026-10-09T01:06:12+00:00
2026-10-09,18124215602486733,metro-de-bh,t1:mensal,reel,2026-10-01,8,shares,0,2026-10-09T01:06:12+00:00
2026-10-09,18124215602486733,metro-de-bh,t1:mensal,reel,2026-10-01,8,total_interactions,0,2026-10-09T01:06:12+00:00
2026-10-09,18124215602486733,metro-de-bh,t1:mensal,reel,2026-10-01,8,views,2,2026-10-09T01:06:12+00:00
2026-10-09,18135882523597227,metro-de-bh,o-topo-e-a-base,reel,2026-10-06,2,comments,0,2026-10-09T01:06:12+00:00
2026-10-09,18135882523597227,metro-de-bh,o-topo-e-a-base,reel,2026-10-06,2,ig_reels_avg_watch_time,17504,2026-10-09T01:06:12+00:00
2026-10-09,18135882523597227,metro-de-bh,o-topo-e-a-base,reel,2026-10-06,2,likes,0,2026-10-09T01:06:12+00:00
2026-10-09,18135882523597227,metro-de-bh,o-topo-e-a-base,reel,2026-10-06,2,reach,1,2026-10-09T01:06:12+00:00
2026-10-09,18135882523597227,metro-de-bh,o-topo-e-a-base,reel,2026-10-06,2,saved,0,2026-10-09T01:06:12+00:00
2026-10-09,18135882523597227,metro-de-bh,o-topo-e-a-base,reel,2026-10-06,2,shares,0,2026-10-09T01:06:12+00:00
2026-10-09,18135882523597227,metro-de-bh,o-topo-e-a-base,reel,2026-10-06,2,total_interactions,0,2026-10-09T01:06:12+00:00
2026-10-09,18135882523597227,metro-de-bh,o-topo-e-a-base,reel,2026-10-06,2,views,2,2026-10-09T01:06:12+00:00
2026-10-09,18142213657593366,metro-de-bh,panorama-do-mes,reel,2026-10-01,7,comments,0,2026-10-09T01:06:12+00:00
2026-10-09,18142213657593366,metro-de-bh,panorama-do-mes,reel,2026-10-01,7,ig_reels_avg_watch_time,1161,2026-10-09T01:06:12+00:00
2026-10-09,18142213657593366,metro-de-bh,panorama-do-mes,reel,2026-10-01,7,likes,0,2026-10-09T01:06:12+00:00
2026-10-09,18142213657593366,metro-de-bh,panorama-do-mes,reel,2026-10-01,7,reach,2,2026-10-09T01:06:12+00:00
2026-10-09,18142213657593366,metro-de-bh,panorama-do-mes,reel,2026-10-01,7,saved,0,2026-10-09T01:06:12+00:00
2026-10-09,18142213657593366,metro-de-bh,panorama-do-mes,reel,2026-10-01,7,shares,0,2026-10-09T01:06:12+00:00
2026-10-09,18142213657593366,metro-de-bh,panorama-do-mes,reel,2026-10-01,7,total_interactions,0,2026-10-09T01:06:12+00:00
2026-10-09,18142213657593366,metro-de-bh,panorama-do-mes,reel,2026-10-01,7,views,3,2026-10-09T01:06:12+00:00
2026-10-09,18142362877585635,metro-de-bh,t1:doze_meses,reel,2026-09-12,26,comments,0,2026-10-09T01:06:12+00:00
2026-10-09,18142362877585635,metro-de-bh,t1:doze_meses,reel,2026-09-12,26,ig_reels_avg_watch_time,4514,2026-10-09T01:06:12+00:00
2026-10-09,18142362877585635,metro-de-bh,t1:doze_meses,reel,2026-09-12,26,likes,0,2026-10-09T01:06:12+00:00
2026-10-09,18142362877585635,metro-de-bh,t1:doze_meses,reel,2026-09-12,26,reach,74,2026-10-09T01:06:12+00:00
2026-10-09,18142362877585635,metro-de-bh,t1:doze_meses,reel,2026-09-12,26,saved,0,2026-10-09T01:06:12+00:00
2026-10-09,18142362877585635,metro-de-bh,t1:doze_meses,reel,2026-09-12,26,shares,0,2026-10-09T01:06:12+00:00
2026-10-09,18142362877585635,metro-de-bh,t1:doze_meses,reel,2026-09-12,26,total_interactions,0,2026-10-09T01:06:12+00:00
2026-10-09,18142362877585635,metro-de-bh,t1:doze_meses,reel,2026-09-12,26,views,81,2026-10-09T01:06:12+00:00
2026-10-09,18192292237398458,metro-de-bh,os-tres-horizontes,reel,2026-10-05,3,comments,0,2026-10-09T01:06:12+00:00
2026-10-09,18192292237398458,metro-de-bh,os-tres-horizontes,reel,2026-10-05,3,ig_reels_avg_watch_time,6398,2026-10-09T01:06:12+00:00
2026-10-09,18192292237398458,metro-de-bh,os-tres-horizontes,reel,2026-10-05,3,likes,0,2026-10-09T01:06:12+00:00
2026-10-09,18192292237398458,metro-de-bh,os-tres-horizontes,reel,2026-10-05,3,reach,3,2026-10-09T01:06:12+00:00
2026-10-09,18192292237398458,metro-de-bh,os-tres-horizontes,reel,2026-10-05,3,saved,0,2026-10-09T01:06:12+00:00
2026-10-09,18192292237398458,metro-de-bh,os-tres-horizontes,reel,2026-10-05,3,shares,0,2026-10-09T01:06:12+00:00
2026-10-09,18192292237398458,metro-de-bh,os-tres-horizontes,reel,2026-10-05,3,total_interactions,0,2026-10-09T01:06:12+00:00
2026-10-09,18192292237398458,metro-de-bh,os-tres-horizontes,reel,2026-10-05,3,views,4,2026-10-09T01:06:12+00:00
2026-10-09,18204927967375541,metro-de-bh,t1:doze_meses,reel,2026-10-01,7,comments,0,2026-10-09T01:06:12+00:00
2026-10-09,18204927967375541,metro-de-bh,t1:doze_meses,reel,2026-10-01,7,ig_reels_avg_watch_time,8357,2026-10-09T01:06:12+00:00
2026-10-09,18204927967375541,metro-de-bh,t1:doze_meses,reel,2026-10-01,7,likes,0,2026-10-09T01:06:12+00:00
2026-10-09,18204927967375541,metro-de-bh,t1:doze_meses,reel,2026-10-01,7,reach,5,2026-10-09T01:06:12+00:00
2026-10-09,18204927967375541,metro-de-bh,t1:doze_meses,reel,2026-10-01,7,saved,0,2026-10-09T01:06:12+00:00
2026-10-09,18204927967375541,metro-de-bh,t1:doze_meses,reel,2026-10-01,7,shares,0,2026-10-09T01:06:12+00:00
2026-10-09,18204927967375541,metro-de-bh,t1:doze_meses,reel,2026-10-01,7,total_interactions,0,2026-10-09T01:06:12+00:00
2026-10-09,18204927967375541,metro-de-bh,t1:doze_meses,reel,2026-10-01,7,views,5,2026-10-09T01:06:12+00:00
